"STATE","VIOLENTCRIME","MURDER","RAPE","ROBBERY","AGGRAVATEDASSAULT","PROPERTYCRIME","BURGLARY","LARCENYTHEFT","MOTORVEHICLETHEFT","YEAR"
"Alabama",490.2,7.9,34.6,121.2,326.5,3922.2,884.4,2737.2,300.5,1999
"Alaska",631.5,8.6,83.5,91.4,448,3731.7,611.8,2690.5,429.4,1999
"Arizona",551.2,8,28.9,152.5,361.6,5345.4,1034.4,3510.5,800.5,1999
"Arkansas",425.2,5.6,27.8,79.3,312.5,3617.5,850.3,2506,261.2,1999
"California",627.2,6,28.2,181.1,411.7,3177.8,675.3,1994.2,508.3,1999
"Colorado",340.5,4.6,41.4,75.3,219.2,3722.9,665.2,2693,364.8,1999
"Connecticut",345.6,3.3,19.9,123.5,198.9,3043.7,588,2111.5,344.2,1999
"Delaware",734,3.2,70.2,197.9,462.7,4101.1,695.6,3001.9,403.6,1999
"District of Columbia",1627.7,46.4,47.8,644.3,889.2,6439.3,976.3,4181.3,1281.7,1999
"Florida",854,5.7,46.3,211.6,590.5,5351.6,1200.3,3534.5,616.7,1999
"Georgia",534,7.5,29.8,166.4,330.3,4614.6,917.2,3182.3,515.2,1999
"Hawaii",235,3.7,29.9,88.1,113.3,4602.4,795,3414.2,393.2,1999
"Idaho",244.9,2,33.3,17.8,191.8,2904.4,610.3,2142.5,151.6,1999
"Illinois",732.5,7.7,34.2,219.4,471.2,3774.1,712.3,2632.1,429.7,1999
"Indiana",374.6,6.6,27,109.3,231.7,3391.3,714.5,2335.4,341.4,1999
"Iowa",280,1.5,27.2,36.6,214.7,2944,593,2172,179,1999
"Kansas",382.8,6,40.1,77.1,259.5,4055.9,824.2,3003.8,227.9,1999
"Kentucky",300.6,5.4,26.3,80,189,2577.5,610.9,1748.7,217.9,1999
"Louisiana",732.7,10.7,33.1,173.6,515.2,5014.2,1092.7,3425.2,496.2,1999
"Maine",112.2,2.2,19.1,19.4,71.6,2762.8,601.1,2026.5,135.2,1999
"Maryland",743.4,9,30,263.7,440.7,4175.8,835.8,2848,492,1999
"Massachusetts",551,2,26.9,96,426,2711.5,533.8,1762.7,415,1999
"Michigan",574.9,7,49.2,143,375.7,3749.9,777.9,2396.1,575.8,1999
"Minnesota",274,2.8,42.7,82,146.5,3323.2,580.1,2465.2,278,1999
"Mississippi",349.3,7.7,41.7,111.6,188.2,3920.5,1051.2,2380.6,488.7,1999
"Missouri",500.2,6.6,26.3,130.7,336.6,4078.5,776.8,2881.3,420.3,1999
"Montana",206.5,2.6,28.3,25.8,149.7,3863.4,428.5,3220.2,214.7,1999
"Nebraska",430.2,3.6,24.8,75.9,325.9,3678.1,609.7,2741.8,326.5,1999
"Nevada",570,9.1,52.1,232.7,276.1,4083.7,973.6,2386.2,723.8,1999
"New Hampshire",96.5,1.5,28.7,21.4,44.9,2185.4,307.9,1764.8,112.7,1999
"New Jersey",411.9,3.5,17.3,174.9,216.1,2988.2,577.2,1976.9,434.2,1999
"New Mexico",834.5,9.8,54.3,148.2,622.2,5127.6,1234.5,3426,467,1999
"New York",588.8,5,19.6,240.8,323.5,2690.5,512.3,1858.1,320.2,1999
"North Carolina",542.1,7.2,28.2,158,348.7,4633.3,1286.9,3012.2,334.3,1999
"North Dakota",66.9,1.6,22.4,8.8,34.1,2326.2,368.6,1794.2,163.4,1999
"Ohio",316.4,3.5,36.7,128,148.2,3680.1,773.1,2558.8,348.2,1999
"Oklahoma",508.2,6.9,40.9,82.9,377.5,4175.7,1026.6,2787.8,361.3,1999
"Oregon",374.9,2.7,36.8,86.2,249.3,4627.1,806.7,3409.3,411.1,1999
"Pennsylvania",420.5,4.9,27.3,155.7,232.5,2693.2,467.2,1898.9,327.1,1999
"Puerto Rico",364.7,14.6,5.7,252.8,91.6,1740.6,592.4,776.9,371.3,1999
"Rhode Island",286.6,3.6,39.5,79.5,164,3295.4,639.9,2248.6,406.9,1999
"South Carolina",847.1,6.6,40.8,148.2,651.4,4477.3,1019.8,3085.7,371.7,1999
"South Dakota",167.4,2.5,45.8,14.1,105,2477.4,444.1,1915.8,117.5,1999
"Tennessee",694.9,7.1,44,156.8,487,3998.9,936.6,2601.8,460.5,1999
"Texas",560.3,6.1,38,146.7,369.5,4471.5,949.7,3062.6,459.2,1999
"Utah",275.5,2.1,37.8,54.4,181.3,4700.9,685.1,3669.3,346.6,1999
"Vermont",113.8,2.9,22.9,10.9,77.1,2703.5,595.5,1954.5,153.5,1999
"Virginia",314.7,5.7,25,101.1,182.8,3059.2,471.6,2326.4,261.2,1999
"Washington",377.3,3,47.1,100.9,226.3,4878.3,949.5,3341.5,587.3,1999
"West Virginia",350.6,4.4,18.6,36.6,291,2370,570.2,1591.6,208.2,1999
"Wisconsin",245.9,3.4,20.1,84.7,137.6,3050.6,488.2,2299.1,263.2,1999
"Wyoming",232.3,2.3,28.5,15.4,186,3222.5,489.4,2609,124.2,1999
"Alabama",486.2,7.4,33.3,128.2,317.2,4059.7,906.9,2864.8,288,2000
"Alaska",566.9,4.3,79.3,78.2,405.1,3682.5,621.9,2685.8,374.8,2000
"Arizona",531.7,7,30.7,146.3,347.7,5297.8,1011.6,3444.1,842.1,2000
"Arkansas",445.3,6.3,31.7,74.8,332.4,3670,802.1,2608.7,259.3,2000
"California",621.6,6.1,28.9,177.9,408.7,3118.2,656.3,1924.5,537.4,2000
"Colorado",334,3.1,41.2,70.5,219.1,3648.6,630.8,2623.5,394.3,2000
"Connecticut",324.7,2.9,19.9,112.5,189.4,NA,512,2011.4,384.6,2000
"Delaware",684.4,3.2,54.1,177.9,449.2,3793.6,665.6,2725.9,402.1,2000
"District of Columbia",1507.9,41.8,43.9,621.3,801,5768.6,829.5,3785.4,1153.7,2000
"Florida",812,5.6,44.2,199,563.2,4882.7,1081.8,3242.9,558,2000
"Georgia",504.7,8,24,161.9,310.9,4246.4,836.6,2937,472.8,2000
"Hawaii",243.8,2.9,28.6,92.7,119.7,4955.1,880.3,3570.2,504.6,2000
"Idaho",252.5,1.2,29.7,17.2,204.3,2933.7,566.5,2206,161.2,2000
"Illinois",656.8,7.2,32.9,207.4,409.3,3629.4,659.6,2517.8,452.1,2000
"Indiana",349.1,5.8,28.9,103.3,211.1,3402.8,676.1,2379.9,346.8,2000
"Iowa",266.4,1.6,23.1,36.6,205.1,2967.3,558.4,2225.2,183.6,2000
"Kansas",389.4,6.3,38,76.2,269,4019.4,799.1,2978.6,241.6,2000
"Kentucky",294.5,4.8,27,80.6,182.2,2665.2,626.2,1809.6,229.5,2000
"Louisiana",681.1,12.5,33.5,168.5,466.6,4741.7,1035.8,3229.9,475.9,2000
"Maine",109.6,1.2,25.1,19.4,63.9,2510.2,531.4,1875.1,103.7,2000
"Maryland",786.6,8.1,29.1,256,493.3,4029.5,744.4,2745.7,539.5,2000
"Massachusetts",476.1,2,26.7,91.6,355.9,2550,482,1660.5,407.6,2000
"Michigan",555,6.7,50.6,138,359.7,3554.9,702.2,2291.9,560.7,2000
"Minnesota",280.8,3.1,45.5,75.5,156.7,3207.6,530.9,2403.7,273,2000
"Mississippi",360.9,9,35.8,95,221.1,3643.5,946.3,2452.2,245,2000
"Missouri",490,6.2,24.1,135.8,323.9,4037.7,745,2851.3,441.4,2000
"Montana",240.6,1.8,33.4,27.6,177.9,3292.7,437.4,2638.6,216.8,2000
"Nebraska",327.6,3.7,25.5,67,231.4,3767.9,592,2870.3,305.6,2000
"Nevada",524.2,6.5,43,227.3,247.3,3744.4,877.1,2208.2,659.2,2000
"New Hampshire",175.4,1.8,42.2,36.7,94.7,2257.8,404,1680,173.8,2000
"New Jersey",383.8,3.4,16.1,161.1,203.2,2776.6,522,1848.8,405.9,2000
"New Mexico",757.9,7.4,50.7,137.4,562.4,4761,1173.1,3184.4,403.6,2000
"New York",553.9,5,18.6,213.6,316.7,2545.7,463.4,1796.4,285.8,2000
"North Carolina",497.6,7,27.1,156.5,307,4421.8,1216.1,2891.8,313.9,2000
"North Dakota",81.4,0.6,26.3,8.7,45.8,2206.6,325.9,1727.2,153.5,2000
"Ohio",334.1,3.7,37.6,137.5,155.3,3707.7,780.7,2583.2,343.7,2000
"Oklahoma",497.8,5.3,41.2,75.8,375.5,4060.8,917.5,2785.4,357.8,2000
"Oregon",350.7,2,37.6,84.4,226.7,4494.7,748.8,3338.7,407.2,2000
"Pennsylvania",420,4.9,26.4,147.8,240.9,2575.3,440.4,1839.2,295.8,2000
"Puerto Rico",325.7,18.2,6,229.9,71.6,1653.4,552.9,759.9,340.7,2000
"Rhode Island",297.7,4.3,39.3,88,166.2,3178.7,631.5,2102.2,445,2000
"South Carolina",804.9,5.8,37.7,146.6,614.8,4416.5,969.3,3068.1,379,2000
"South Dakota",166.8,0.9,40.4,17.4,108.1,2153,383.7,1663.7,105.7,2000
"Tennessee",707.2,7.2,38.4,166.4,495.2,4183,990.4,2708.8,483.9,2000
"Texas",545.1,5.9,37.7,145.1,356.3,4410.4,906.3,3057.4,446.8,2000
"Utah",255.7,1.9,38.6,55.6,159.5,4220.3,642.5,3288.5,289.3,2000
"Vermont",113.5,1.5,23,19.2,69.8,2873.4,575,2165.5,132.9,2000
"Virginia",281.7,5.7,22.8,88.9,164.3,2746.4,429.9,2064.8,251.6,2000
"Washington",369.7,3.3,46.4,98.6,221.3,4736,907.3,3234.6,594.1,2000
"West Virginia",316.5,2.5,18.3,41.4,254.2,2286.3,546.9,1556.1,183.3,2000
"Wisconsin",236.8,3.2,21.7,84.6,127.3,2972.3,469.5,2229.9,272.9,2000
"Wyoming",266.5,2.4,32.4,14.2,217.5,3031.5,420.8,2494.6,116,2000
"Alabama",438.6,8.5,30.7,125.1,274.4,3880.8,910.4,2687.8,282.7,2001
"Alaska",588.3,6.1,78.9,81,422.3,3647.9,605.9,2629.6,412.4,2001
"Arizona",540.3,7.5,28.6,167.1,337.1,5537.1,1032.9,3520.6,983.6,2001
"Arkansas",452.8,5.5,33.1,81,333.2,3681.4,824.5,2585,271.9,2001
"California",617,6.4,28.9,187.1,394.6,3286,672.4,2022.2,591.4,2001
"Colorado",350.7,3.6,43.7,80.5,222.9,3868.2,645.9,2747.1,475.2,2001
"Connecticut",335.5,3.1,18.7,122.1,191.7,2782.4,501,1920,361.4,2001
"Delaware",611.4,2.9,52.8,145.2,410.6,3441.4,646.1,2446.2,349,2001
"District of Columbia",1736.7,40.6,32.9,689.6,973.7,5972.8,876.3,3755.2,1341.3,2001
"Florida",797.2,5.3,40.5,200.5,550.9,4772.5,1073.7,3150.4,548.4,2001
"Georgia",497,7.1,26,171.8,292.1,4149.3,856.4,2844.5,448.3,2001
"Hawaii",254.6,2.6,33.4,93.3,125.3,5131.5,911.6,3669.2,550.7,2001
"Idaho",243.1,2.3,32.2,18.5,190.1,2890.3,568.3,2141.2,180.8,2001
"Illinois",636.9,7.9,31.5,199.2,398.3,3460.8,631.6,2438.3,390.8,2001
"Indiana",371.8,6.8,28.1,117.3,219.7,3459.6,699.3,2408.8,351.6,2001
"Iowa",269.1,1.7,22.2,39.5,205.7,3032.1,577.6,2266.2,188.3,2001
"Kansas",404.8,3.4,35.1,89.9,276.4,3916.6,761.3,2858.9,296.3,2001
"Kentucky",257,4.7,27.8,80.7,143.8,2681.1,651.9,1799.3,229.8,2001
"Louisiana",687,11.2,31.4,176.1,468.3,4651.1,1040.2,3125.2,485.7,2001
"Maine",111.5,1.4,25.3,20.5,64.2,2576.7,536.1,1910.7,129.9,2001
"Maryland",783,8.3,27,251.6,496.1,4083.8,773.1,2715,595.8,2001
"Massachusetts",479.5,2.3,29.1,101.5,346.6,2619.1,508.4,1674.5,436.2,2001
"Michigan",554.7,6.7,52.7,129.5,365.8,3526.8,721,2269.2,536.6,2001
"Minnesota",264.4,2.4,45,75.6,141.4,3319.3,512.8,2504.3,302.3,2001
"Mississippi",350.1,9.9,40.1,115.3,184.8,3835.1,1043.4,2460.3,331.5,2001
"Missouri",541.3,6.6,24.6,138,372.1,4234.9,763.4,2973.9,497.6,2001
"Montana",352.4,3.8,20.8,25.4,302.4,3336.3,405.8,2729.2,201.3,2001
"Nebraska",304.3,2.5,25.2,65.8,210.8,4025.3,569.7,3076.8,378.8,2001
"Nevada",586.8,8.5,41.9,234.2,302.2,3679.2,840.9,2140.1,698.1,2001
"New Hampshire",170.3,1.4,36.4,35.3,97.2,2151.3,388.3,1593.1,170,2001
"New Jersey",390.1,4,15.1,166.3,204.7,2835.2,551.7,1839,444.4,2001
"New Mexico",781.1,5.4,46.5,147.3,581.9,4542.8,1068.9,3083.7,390.2,2001
"New York",516,5,18.7,192.3,300,2409.1,422.9,1732.2,254,2001
"North Carolina",494.3,6.2,25.4,162.5,300.2,4443.7,1244.6,2898,301.1,2001
"North Dakota",79.6,1.1,25.8,9.5,43.2,2338.1,341.2,1825.7,171.2,2001
"Ohio",351.9,4,39.3,151.2,157.4,3825.7,852.1,2602.3,371.3,2001
"Oklahoma",512.3,5.3,42.9,79.4,384.6,4094.7,999.2,2732.2,363.3,2001
"Oregon",306.7,2.4,33.8,79.2,191.3,4737.4,767.3,3542.7,427.4,2001
"Pennsylvania",410.4,5.3,28.2,142.4,234.5,2550.7,442.3,1817.8,290.7,2001
"Puerto Rico",297,19.4,4.9,208.3,64.4,1529.1,519.1,680.8,329.3,2001
"Rhode Island",309.6,3.7,39.3,93.1,173.5,3375.3,644.4,2254.7,476.2,2001
"South Carolina",720.3,6.3,34,130.7,549.3,4032.4,906.5,2762.7,363.3,2001
"South Dakota",154.8,0.9,46.4,13.6,93.8,2177.2,408,1661.5,107.7,2001
"Tennessee",745.3,7.4,38.3,178,521.6,4407.5,1040.2,2874.8,492.5,2001
"Texas",572.8,6.2,38.3,165.8,362.5,4579.9,958.3,3140.1,481.4,2001
"Utah",234.1,3,39.5,52.7,139,4008.9,608.2,3113.8,286.9,2001
"Vermont",105,1.1,17.5,17.5,69,2664.2,513.8,2026.8,123.6,2001
"Virginia",291.3,5.1,24.6,95.4,166.2,2886.9,439.7,2185.1,262.1,2001
"Washington",355,3,43.4,99.1,209.5,4796.8,885.5,3258.7,652.6,2001
"West Virginia",279.4,2.2,17.8,39.2,220.2,2280.1,532.8,1568.8,178.5,2001
"Wisconsin",231.1,3.6,21.1,82.3,124.2,3090.1,498.5,2319.1,272.5,2001
"Wyoming",257.3,1.8,30.9,17,207.5,3260.4,501.8,2617.8,140.8,2001
"Alabama",444.2,6.8,37.1,132.9,267.5,4020.9,949,2762.3,309.6,2002
"Alaska",563.4,5.1,79.4,76,402.9,3746.3,607,2755.4,383.8,2002
"Arizona",552.9,7.1,29.5,146.6,369.8,5833.4,1082.9,3693.6,1056.9,2002
"Arkansas",424.4,5.2,27.8,93.1,298.2,3733.1,857.1,2624.6,251.4,2002
"California",593.4,6.8,29,185,372.6,3350.3,679,2038.1,633.2,2002
"Colorado",352.4,4,45.8,79.4,223.2,3995.4,702.9,2778,514.4,2002
"Connecticut",311.1,2.3,21.1,117.3,170.4,2686.1,493.8,1857.9,334.4,2002
"Delaware",599,3.2,44.3,142.9,408.5,3340,663.3,2298.2,378.6,2002
"District of Columbia",1632.9,46.2,45.9,671.6,869.2,6389.4,905.6,3802.4,1681.4,2002
"Florida",770.2,5.5,40.4,194.9,529.4,4650.4,1060.5,3060.3,529.6,2002
"Georgia",458.8,7.1,24.6,156.9,270.1,4048.4,863.7,2740.4,444.3,2002
"Hawaii",262,1.9,29.9,97.2,133,5781.7,1021.9,3963.7,796,2002
"Idaho",254.9,2.7,37.1,17.9,197.3,2917.5,554.8,2166.8,195.9,2002
"Illinois",620.7,7.5,34.1,200.6,378.5,3395.6,643.8,2395.9,356,2002
"Indiana",357.2,5.9,29.9,107.4,214.1,3392.8,691.7,2371.7,329.4,2002
"Iowa",285.6,1.5,27.1,39.8,217.2,3162.6,634.8,2329.5,198.3,2002
"Kansas",376.6,2.9,38.1,79.7,255.9,3710.3,724.6,2720.2,265.5,2002
"Kentucky",279,4.5,26.6,74.8,173.1,2623.6,680.6,1729.2,213.8,2002
"Louisiana",662.3,13.2,34.1,158.9,456.1,4435.7,1011.7,2973.7,450.3,2002
"Maine",107.8,1.1,29.1,20.9,56.8,2548.2,538.1,1899.7,110.4,2002
"Maryland",769.8,9.4,25.1,245.8,489.5,3977.6,728.5,2625.8,623.3,2002
"Massachusetts",484.4,2.7,27.6,111.5,342.5,2609.8,517.2,1679,413.6,2002
"Michigan",540.3,6.7,53.4,117.9,362.3,3333.8,706.1,2132.9,494.7,2002
"Minnesota",267.5,2.2,45.3,78.4,141.6,3267.6,558.5,2433.4,275.8,2002
"Mississippi",343.3,9.2,39.2,116.9,178,3815.9,1030.5,2453.8,331.6,2002
"Missouri",538.7,5.8,25.8,123.8,383.2,4063.8,753.1,2819.2,491.5,2002
"Montana",351.5,1.8,26.1,31.1,292.6,3161.4,361.6,2603.7,196.1,2002
"Nebraska",313.9,2.8,26.8,78.6,205.7,3942.8,597.3,2974.8,370.6,2002
"Nevada",637.5,8.3,42.7,235.5,351,3860,871.9,2183.5,804.5,2002
"New Hampshire",161.2,0.9,35,32.4,92.9,2058.7,379.4,1526.8,152.5,2002
"New Jersey",374.5,3.9,15.7,161.9,193,2649.7,511,1722.7,416,2002
"New Mexico",739.5,8.2,55.4,118.9,557.1,4338.2,1058.4,2878.9,400.9,2002
"New York",496,4.7,20.3,191.3,279.7,2307.7,400.4,1660.1,247.2,2002
"North Carolina",470.2,6.6,26.4,146.7,290.5,4251.2,1196.3,2756,298.9,2002
"North Dakota",78.2,0.8,25.7,9.1,42.6,2328,353.7,1813.7,160.5,2002
"Ohio",351.3,4.6,42.1,156.5,148.2,3755.9,868.2,2513.3,374.5,2002
"Oklahoma",503.4,4.7,45,84.9,368.8,4239.8,1006.7,2867.6,365.6,2002
"Oregon",292.4,2,35.2,77.9,177.4,4576,729.7,3377.1,469.2,2002
"Pennsylvania",401.9,5.1,30.2,139.1,227.5,2439.1,450.8,1722.2,266,2002
"Puerto Rico",349.1,20.1,6.2,232.7,90.1,2003.5,641.1,1027.3,335.2,2002
"Rhode Island",285.2,3.8,36.9,85.6,158.8,3303.8,599.7,2248.3,455.8,2002
"South Carolina",822,7.3,47.7,140.6,626.5,4475.3,1065.1,2999.5,410.7,2002
"South Dakota",177.4,1.4,47.4,15.4,113.1,2101.3,398.7,1595,107.6,2002
"Tennessee",716.9,7.2,39.5,162.4,507.8,4302,1056.5,2787.7,457.8,2002
"Texas",578.6,6,39.1,172.5,361,4611,976.1,3163.4,471.4,2002
"Utah",236.9,2,40.7,49.2,145,4215.5,653,3229.1,333.4,2002
"Vermont",106.7,2.1,20.4,12.5,71.7,2423.3,565.9,1732.8,124.7,2002
"Virginia",291.4,5.3,25.2,95.4,165.5,2848.9,435.4,2160.1,253.3,2002
"Washington",345.4,3,45,95.5,201.8,4761.4,905.4,3188.8,667.2,2002
"West Virginia",234.3,3.2,18.2,36.5,176.4,2280.9,537.1,1527.5,216.3,2002
"Wisconsin",224.9,2.8,22.7,86.6,112.7,3027.8,513.2,2267.2,247.3,2002
"Wyoming",273.5,3,29.7,18.6,222.2,3307.4,490.9,2667.5,149,2002
"Alabama",429.5,6.6,36.8,134.2,251.9,4049.1,960.8,2756,332.3,2003
"Alaska",593.4,6,92.5,68.4,426.5,3742.2,594.2,2770.7,377.3,2003
"Arizona",513.2,7.9,33.3,136.5,335.5,5632.4,1050.3,3560.9,1021.3,2003
"Arkansas",456.1,6.4,33.1,81.7,334.8,3621.4,913.6,2487.3,220.5,2003
"California",579.3,6.8,28.2,179.7,364.6,3424.3,682.8,2061.4,680.1,2003
"Colorado",345.1,3.9,41.6,82.1,217.6,3940.9,711.3,2730.8,498.8,2003
"Connecticut",308.2,3,18.7,119,167.5,2606.7,448.1,1842.1,316.5,2003
"Delaware",658,2.9,43.2,169.9,442,3384.4,729.8,2302.3,352.3,2003
"District of Columbia",1608.1,44.2,48.6,699.5,815.8,5800.3,829.1,3213.4,1757.8,2003
"Florida",730.2,5.4,39.5,185.2,500.1,4452,1002.7,2970.1,479.2,2003
"Georgia",453.9,7.6,25.7,161.8,258.8,4254.6,909.2,2846,499.4,2003
"Hawaii",270.4,1.7,29.2,92.9,146.5,5237.5,907.2,3562.9,767.4,2003
"Idaho",242.7,1.8,37.2,17.9,185.8,2908.7,570.2,2147.5,190.9,2003
"Illinois",556.8,7.1,32.9,188.2,328.6,3284.4,618.7,2335.6,330.1,2003
"Indiana",352.8,5.5,27.8,103.3,216.2,3357.7,671.1,2351.4,335.2,2003
"Iowa",272.4,1.6,25.9,38.1,206.8,2961.1,596,2174.9,190.2,2003
"Kansas",395.5,4.5,38.3,82.5,270.2,3994,803.6,2904.8,285.6,2003
"Kentucky",261.7,4.6,25.6,77.6,153.9,2681.5,671.6,1782.4,227.5,2003
"Louisiana",646.3,13,41.1,157.2,435,4349.5,998.1,2909.3,442.2,2003
"Maine",108.9,1.2,27.1,22.1,58.4,2456.7,503.9,1841.3,111.5,2003
"Maryland",703.9,9.5,24.7,241.5,428.3,3801.4,701.4,2439.2,660.8,2003
"Massachusetts",469.4,2.2,27.9,124.1,315.1,2549.5,539.7,1613.3,396.5,2003
"Michigan",511.2,6.1,54.1,111.7,339.3,3277.3,677.2,2067.1,533.1,2003
"Minnesota",262.6,2.5,41.2,77.2,141.8,3116.8,547.4,2297.4,272,2003
"Mississippi",325.5,9.3,37.4,104.8,174.1,3720.4,1035.6,2374.2,310.6,2003
"Missouri",472.8,5,24.4,108.7,334.5,4014.5,717.1,2794.9,502.4,2003
"Montana",365.2,3.3,26.8,32.5,302.6,3098,405.6,2484.7,207.7,2003
"Nebraska",289,3.2,28.5,66.8,190.5,3711.4,579.1,2780.2,352.1,2003
"Nevada",614.2,8.8,39,230.3,336.1,4288.4,980.6,2378,929.8,2003
"New Hampshire",148.8,1.4,33.2,37.1,77.1,2053.9,353.5,1551.5,148.9,2003
"New Jersey",365.8,4.7,15.3,154.7,191,2544.4,503,1641.3,400.2,2003
"New Mexico",665.2,6,50,104,505.2,4123.6,1025.2,2711.3,387.1,2003
"New York",465.2,4.9,19.7,186.3,254.3,2248.3,393.4,1619.3,235.6,2003
"North Carolina",454.9,6.1,25.4,145.5,278,4278,1197.6,2760.5,319.9,2003
"North Dakota",77.8,1.9,23.8,8,44,2096.1,306.2,1619.8,170.1,2003
"Ohio",333.2,4.6,40.1,147.7,140.8,3640.5,830.1,2451.9,358.5,2003
"Oklahoma",505.7,5.9,42.7,91.8,365.3,4306,992.3,2944.7,369,2003
"Oregon",295.5,1.9,34.2,80.1,179.3,4782.3,804.2,3444.6,533.5,2003
"Pennsylvania",398,5.3,28.8,145.4,218.6,2431.3,436,1724.8,270.4,2003
"Puerto Rico",306.4,20.1,5.3,199.5,81.6,1802.1,537.8,949.5,314.8,2003
"Rhode Island",285.6,2.3,46.9,77.1,159.3,2995,513.3,2074,407.7,2003
"South Carolina",793.5,7.2,44.4,136.7,605.1,4477.1,1050.9,3046.1,380.1,2003
"South Dakota",173.4,1.3,46.3,13.6,112.1,2001.7,375.9,1511.4,114.4,2003
"Tennessee",687.8,6.8,35.7,160.4,484.9,4379.4,1082,2845.3,452.1,2003
"Texas",552.5,6.4,36.2,167.4,342.5,4595.3,993.7,3157.7,444,2003
"Utah",248.6,2.5,37.9,53.4,154.8,4225.5,713.1,3182.2,330.2,2003
"Vermont",110.2,2.3,19.5,9.7,78.7,2200.1,477.8,1618,104.3,2003
"Virginia",275.8,5.6,24,90.3,155.9,2704.1,391.5,2070,242.5,2003
"Washington",347,3,46.7,93.3,204,4754.9,950.3,3142.1,662.5,2003
"West Virginia",257.5,3.5,16.4,40.3,197.3,2359.4,562.2,1602.6,194.7,2003
"Wisconsin",221,3.3,21.9,80.1,115.7,2882.6,485.4,2172.1,225.1,2003
"Wyoming",262.1,2.8,27.1,16.8,215.5,3321.3,520.9,2641.2,159.2,2003
"Alabama",426.6,5.6,38.5,133.4,249.1,4025,986,2729.5,309.6,2004
"Alaska",634.5,5.6,85.1,68.2,475.6,3382.8,575.6,2465.4,341.8,2004
"Arizona",504.1,7.2,33,134.4,329.4,5340.5,990.4,3387.2,962.9,2004
"Arkansas",499.1,6.4,42.4,86.2,364.1,4013,1093.5,2683.8,235.8,2004
"California",551.8,6.7,26.8,172.1,346.3,3419,685.1,2030.1,703.8,2004
"Colorado",373.5,4.4,42.5,81.5,245.1,3919.3,717.3,2679,522.9,2004
"Connecticut",286.3,2.6,20.7,120.5,142.6,2627.2,444.4,1868.1,314.7,2004
"Delaware",568.4,2,41.5,146.7,378.1,3163.9,648.3,2257.1,258.6,2004
"District of Columbia",1371.2,35.8,40.1,578.5,716.9,4859.1,712.9,2627.2,1519,2004
"Florida",711.3,5.4,38,172.4,495.5,4179.7,956.1,2773.3,450.2,2004
"Georgia",455.5,6.9,27,154.7,266.8,4265.9,940,2825,501,2004
"Hawaii",254.4,2.6,26.4,74.8,150.7,4792.8,857.4,3252.8,682.6,2004
"Idaho",244.9,2.2,40.9,17.2,184.6,2794.4,547.3,2051.5,195.5,2004
"Illinois",542.9,6.1,33.2,177.2,326.4,3186.1,597.3,2271.3,317.4,2004
"Indiana",325.4,5.1,28.9,102.2,189.2,3397.6,676,2383.5,338.1,2004
"Iowa",270.9,1.6,26.7,38,204.5,2905.3,615.1,2107.3,182.9,2004
"Kansas",374.5,4.5,40.4,66.3,263.4,3973.5,731.1,2934,308.4,2004
"Kentucky",244.9,5.7,29.9,78.8,130.5,2537.7,624.8,1701.3,211.6,2004
"Louisiana",638.7,12.7,35.8,145.4,444.9,4410.2,1004.5,2969.2,436.6,2004
"Maine",103.5,1.4,23.9,21.9,56.3,2409.6,481.4,1829.3,98.9,2004
"Maryland",700.5,9.4,23.7,229.6,437.8,3640.2,660,2335.1,645.2,2004
"Massachusetts",458.8,2.6,28,116.4,311.7,2459.7,537.2,1578.8,343.7,2004
"Michigan",490.2,6.4,54.2,111.9,317.7,3057.6,636.8,1921,499.9,2004
"Minnesota",269.6,2.2,41.6,79.8,146,3039,549.9,2224.2,265,2004
"Mississippi",295.1,7.8,40,86.2,161.1,3478.5,952.9,2254.2,271.4,2004
"Missouri",490.5,6.2,25.7,115.2,343.4,3903.5,703.3,2750.2,450,2004
"Montana",293.8,3.2,29.5,25.1,236,2936.2,379.2,2382.4,174.6,2004
"Nebraska",308.7,2.3,35.5,65.1,205.8,3520.6,562.4,2655.6,302.6,2004
"Nevada",615.9,7.4,40.9,210.1,357.6,4206.6,991.2,2246,969.5,2004
"New Hampshire",167,1.4,35.3,38.5,91.8,2040.1,382.1,1508.5,149.4,2004
"New Jersey",355.7,4.5,15.3,150.3,185.6,2429.2,471.7,1609.1,348.4,2004
"New Mexico",687.3,8.9,54.6,108.3,515.5,4197.7,1046.8,2735.7,415.2,2004
"New York",441.6,4.6,18.8,174.3,244,2198.6,367.7,1617.7,213.3,2004
"North Carolina",447.8,6.2,27.4,137.9,276.2,4160.2,1184.8,2659.4,316,2004
"North Dakota",79.4,1.4,25.1,6.1,46.8,1916.6,301.1,1472.7,142.8,2004
"Ohio",341.8,4.5,40.5,153.1,143.6,3673.2,846.1,2470.6,356.5,2004
"Oklahoma",500.5,5.3,44.2,87.7,363.3,4242.1,1000.2,2874.1,367.7,2004
"Oregon",298.3,2.5,35.7,76.5,183.6,4631.3,836.6,3279,515.6,2004
"Pennsylvania",411.1,5.2,28.5,148.9,228.4,2415,438.8,1726.5,249.6,2004
"Puerto Rico",257.9,20.4,5.1,154.8,77.6,1542.4,468.9,813.4,260,2004
"Rhode Island",247.4,2.4,29.6,67.6,147.7,2884.1,505.7,2001,377.4,2004
"South Carolina",784.2,6.9,40.9,129.7,606.7,4504.8,1034.4,3097.9,372.5,2004
"South Dakota",171.5,2.3,43.8,14.8,110.5,1933.5,408.5,1415.3,109.7,2004
"Tennessee",695.2,5.9,37.6,149.8,501.8,4306.5,1020.3,2866.8,419.4,2004
"Texas",540.5,6.1,37.3,159.3,337.9,4494,978.7,3097,418.3,2004
"Utah",236,1.9,39.1,51.7,143.3,4085.6,637.1,3128.2,320.3,2004
"Vermont",112,2.6,24.5,12.2,72.7,2308.2,544.9,1670.8,92.5,2004
"Virginia",275.6,5.2,23.7,92.6,154.1,2676.6,386,2057.2,233.4,2004
"Washington",343.8,3.1,46.1,94.6,200.2,4849.2,977.3,3175,696.9,2004
"West Virginia",271.2,3.7,17.6,42.3,207.6,2506.2,602.2,1698.1,206,2004
"Wisconsin",209.6,2.8,20.6,73.8,112.4,2663.1,433,2023.6,206.5,2004
"Wyoming",229.6,2.2,22.1,13.2,192.1,3334.3,540.5,2636,157.7,2004
"Alabama",431.7,8.2,34.3,141.4,247.8,3892.1,953.8,2650,288.3,2005
"Alaska",631.9,4.8,81.1,80.9,465.1,3612.5,622.5,2599.1,391,2005
"Arizona",513.2,7.5,33.8,144.4,327.4,4838,948.4,2965.2,924.4,2005
"Arkansas",527.5,6.7,42.9,91.1,386.8,4057.9,1084.6,2711.2,262.1,2005
"California",526.3,6.9,26,176.1,317.3,3322.6,693.3,1916.5,712.8,2005
"Colorado",396.5,3.7,43.4,84.6,264.7,4039.5,744.8,2735.2,559.5,2005
"Connecticut",274.5,2.9,20,113,138.6,2558,437.1,1824.1,296.8,2005
"Delaware",632.1,4.4,44.7,154.8,428.2,3111.4,688.9,2144,278.5,2005
"District of Columbia",1459,35.4,30.2,672.1,721.3,4747,649.7,2694.9,1402.3,2005
"Florida",708,5,37.1,169.4,496.6,4007.9,926.3,2658.3,423.3,2005
"Georgia",448.9,6.2,23.6,154.8,264.3,4172.3,931,2751.1,490.2,2005
"Hawaii",255.1,1.9,26.9,78.5,147.8,4792.6,767.9,3308.4,716.4,2005
"Idaho",256.8,2.4,40.4,18.6,195.4,2697.9,564.4,1931.7,201.8,2005
"Illinois",551.5,6,33.7,181.7,330.2,3080.3,606.9,2164.8,308.6,2005
"Indiana",323.7,5.7,29.6,108.6,179.9,3456.3,697.6,2412,346.7,2005
"Iowa",291.3,1.3,27.9,38.9,223.3,2833.7,606.4,2042.7,184.6,2005
"Kansas",387.4,3.7,38.4,65.3,280,3787,689.2,2758.1,339.6,2005
"Kentucky",266.8,4.6,34,88.4,139.8,2530.5,634,1685.8,210.8,2005
"Louisiana",594.4,9.9,31.4,118,435.1,3683.1,870.6,2494.5,318.1,2005
"Maine",112.2,1.4,24.7,24.4,61.7,2413.1,478.5,1832.6,102,2005
"Maryland",703,9.9,22.6,256.7,413.8,3544.1,641.4,2294.3,608.4,2005
"Massachusetts",456.9,2.7,27.1,119,308.1,2363.6,541.1,1527.4,295.1,2005
"Michigan",552.1,6.1,51.3,131.8,362.9,3091.1,696.8,1917.8,476.5,2005
"Minnesota",297,2.2,44,92,158.7,3084.1,578.9,2226.9,278.2,2005
"Mississippi",278.4,7.3,39.3,82.3,149.4,3260.1,919.7,2083.9,256.5,2005
"Missouri",525.4,6.9,28,124.1,366.4,3927.5,738.3,2746.2,443.1,2005
"Montana",281.5,1.9,32.2,18.9,228.5,3142.9,389.2,2543,210.7,2005
"Nebraska",287,2.5,32.9,59.1,192.5,3423.2,532.4,2574.3,316.5,2005
"Nevada",606.8,8.5,42.1,194.7,361.5,4241.5,972.4,2153.9,1115.2,2005
"New Hampshire",132,1.4,30.9,27.4,72.3,1796.4,317,1377.3,102.1,2005
"New Jersey",354.7,4.8,13.9,151.6,184.4,2333,447.1,1568.4,317.5,2005
"New Mexico",702.2,7.4,54.1,98.7,541.9,4148.3,1093.9,2639.9,414.5,2005
"New York",445.8,4.5,18.9,182.7,239.7,2108.5,353.3,1569.6,185.6,2005
"North Carolina",468.1,6.7,26.5,145.5,289.4,4075.1,1201.1,2546.2,327.8,2005
"North Dakota",98.2,1.1,24.2,7.4,65.5,1978.2,311.9,1500.3,166,2005
"Ohio",351.3,5.1,39.8,163.1,143.4,3662.7,872.8,2429,360.9,2005
"Oklahoma",508.6,5.3,41.7,91,370.5,4042,1006,2644.2,391.8,2005
"Oregon",286.8,2.2,34.8,68.1,181.8,4399.8,758.6,3112.2,529,2005
"Pennsylvania",424.5,6.1,28.9,154.6,235,2417.2,451.6,1729.1,236.5,2005
"Puerto Rico",244.9,19.6,4.3,141.9,79.1,1417.8,439.4,740.7,237.7,2005
"Rhode Island",251.2,3.2,29.8,72.1,146.1,2718.9,494.2,1816,408.7,2005
"South Carolina",761.1,7.4,42.5,132.1,579,4339.4,1000.9,2954.1,384.4,2005
"South Dakota",175.7,2.3,46.7,18.6,108.1,1776.4,324.4,1343.7,108.4,2005
"Tennessee",752.8,7.2,36.4,167.3,541.9,4275.5,1026.9,2828.1,420.6,2005
"Texas",529.7,6.2,37.2,156.6,329.8,4332,961.6,2961.7,408.7,2005
"Utah",227.2,2.3,37.3,44.3,143.4,3868.9,606.2,2918.8,343.9,2005
"Vermont",119.7,1.3,23.3,11.7,83.5,2280.7,491.8,1686.1,102.9,2005
"Virginia",282.8,6.1,22.7,99.2,154.8,2638.2,392.1,2035,211.1,2005
"Washington",345.8,3.3,44.7,92.1,205.8,4893,959.7,3149.5,783.9,2005
"West Virginia",272.8,4.4,17.7,44.6,206.1,2625.2,621.2,1794,210,2005
"Wisconsin",241.5,3.5,20.6,82.2,135.2,2660.2,440.8,1992.8,226.6,2005
"Wyoming",230.1,2.7,24,15.3,188.1,3155.3,476.3,2533.9,145.1,2005
"Alabama",425.2,8.3,35.9,153.5,227.6,3936.1,969.1,2644.3,322.7,2006
"Alaska",688,5.4,76,90.3,516.4,3604.9,617.3,2610.2,377.4,2006
"Arizona",501.4,7.5,31.5,149.6,312.7,4627.9,925.3,2813.1,889.5,2006
"Arkansas",551.6,7.3,46.5,98.4,399.4,3967.5,1139.9,2562.1,265.5,2006
"California",532.5,6.8,25.3,194.7,305.7,3170.9,676,1829.1,665.7,2006
"Colorado",391.6,3.3,43.7,80.7,264,3451.3,682.1,2331.8,437.5,2006
"Connecticut",280.8,3.1,18.1,121,138.6,2504.1,419.3,1788.4,296.4,2006
"Delaware",681.6,4.9,46.9,203.3,426.5,3417.9,725.2,2362.8,329.9,2006
"District of Columbia",1508.4,29.1,31.8,658.4,789.1,4653.8,659.5,2735.4,1258.9,2006
"Florida",712,6.2,35.8,188.8,481.2,3986.1,944.6,2619,422.5,2006
"Georgia",471,6.4,23.2,165.6,275.8,3889.2,909,2519.3,460.9,2006
"Hawaii",281.2,1.6,27.6,88.9,163,4230.4,677.5,2949.1,603.9,2006
"Idaho",247.2,2.5,40,20.5,184.2,2418.8,513.2,1740,165.6,2006
"Illinois",541.6,6.1,31.8,185.3,318.4,3019.6,602.1,2124.2,293.3,2006
"Indiana",314.8,5.8,29.1,114.7,165.2,3502.4,731.3,2424.8,346.3,2006
"Iowa",283.5,1.8,27.8,43.5,210.4,2802.7,604.2,2030.7,167.9,2006
"Kansas",425,4.6,44.8,67.9,307.7,3750.2,723.3,2712,314.9,2006
"Kentucky",263,4,30.8,86.2,142,2544.5,644.8,1679.9,219.8,2006
"Louisiana",697.8,12.4,36.4,133.6,515.4,3993.7,1049.2,2579.7,364.8,2006
"Maine",115.5,1.7,25.7,29.1,59,2518.7,512.9,1904.3,101.4,2006
"Maryland",678.6,9.7,21,256,392,3480.9,667,2270.4,543.5,2006
"Massachusetts",447,2.9,27.1,125,292.1,2391,546.5,1565.4,279,2006
"Michigan",562.4,7.1,52.2,140.7,362.4,3212.8,753.9,1963.5,495.4,2006
"Minnesota",312,2.4,31.8,105.1,172.6,3079.5,583.9,2236.6,258.9,2006
"Mississippi",298.6,7.7,34.4,107.1,149.5,3208.8,935.9,1986.1,286.8,2006
"Missouri",545.6,6.3,30.2,129.9,379.3,3826.5,764.1,2627,435.3,2006
"Montana",253.7,1.8,28.5,17.4,206.1,2687.5,310.7,2191.8,185,2006
"Nebraska",281.8,2.8,31,63.8,184.1,3340.7,534.5,2521.3,284.9,2006
"Nevada",741.6,9,43.2,281.6,407.8,4088.8,994.6,2013.8,1080.4,2006
"New Hampshire",138.7,1,26.2,32.2,79.4,1874.1,331.4,1434.5,108.1,2006
"New Jersey",351.6,4.9,14.2,153.1,179.4,2291.9,452,1556.5,283.4,2006
"New Mexico",643.2,6.8,56,107.7,472.8,3937.2,1069.7,2395.5,472,2006
"New York",434.9,4.8,16.4,178.6,235.1,2052.7,355.1,1531.1,166.4,2006
"North Carolina",475.6,6.1,28.2,152.2,289.1,4120.8,1212.7,2567.9,340.2,2006
"North Dakota",127.9,1.3,30.4,11.3,84.9,2000.3,376.3,1464.8,159.2,2006
"Ohio",350.3,4.7,39.6,166.8,139.2,3678.6,909.8,2442.8,326.1,2006
"Oklahoma",497.4,5.8,41.6,87.5,362.5,3604.2,960.5,2270.5,373.2,2006
"Oregon",280.3,2.3,32.3,72.7,173,3672.1,645.2,2636.1,390.7,2006
"Pennsylvania",439.4,5.9,27.3,168.6,237.6,2443.5,463.2,1742.9,237.4,2006
"Puerto Rico",227.3,18.8,3,133.5,72,1354.4,424.4,711.2,218.8,2006
"Rhode Island",227.5,2.6,26.7,68.8,129.4,2586.9,507.2,1744.2,335.5,2006
"South Carolina",765.5,8.3,40.8,136.5,579.9,4242.3,989.8,2873,379.6,2006
"South Dakota",171.4,1.2,43,15.2,112,1619.6,338.9,1188.9,91.8,2006
"Tennessee",760.2,6.8,35.5,184.3,533.7,4128.3,1040.9,2713.2,374.1,2006
"Texas",516.3,5.9,35.6,158.5,316.4,4081.5,917.3,2758.2,405.9,2006
"Utah",224.4,1.8,34.1,48.8,139.7,3516.4,576.5,2614.5,325.4,2006
"Vermont",136.6,1.9,24,17.6,93,2304.7,528.9,1681.8,93.9,2006
"Virginia",282.2,5.2,23.4,101.4,152.1,2478.2,417.6,1866.8,193.8,2006
"Washington",345.9,3,42.9,100.1,199.8,4480,911.6,2850.7,717.6,2006
"West Virginia",279.7,4.1,21.4,46.9,207.3,2621.5,634.1,1771.8,215.6,2006
"Wisconsin",284,3,20.4,100.2,160.6,2817.8,485.8,2079.5,252.5,2006
"Wyoming",239.6,1.7,27.2,14,196.7,2980.6,450.5,2379.4,150.7,2006
"Alabama",448,8.9,33.4,159.9,245.8,3971.6,979.5,2684.6,307.5,2007
"Alaska",661.2,6.4,77.4,85.3,492,3379.5,538.7,2487,353.8,2007
"Arizona",482.7,7.4,29.3,151.7,294.3,4414,912.2,2738.4,763.4,2007
"Arkansas",529.4,6.7,44.7,106.7,371.2,3953.1,1131.4,2574.4,247.3,2007
"California",522.6,6.2,24.7,193,298.8,3033,648.4,1784.4,600.2,2007
"Colorado",347.8,3.1,41.1,71,232.5,3006.1,591.4,2069.3,345.4,2007
"Connecticut",256,3,18.8,103,131.2,2399.9,432.9,1705.2,261.7,2007
"Delaware",689.2,4.3,38.9,197.3,448.8,3370.1,733.3,2369,267.8,2007
"District of Columbia",1414.3,30.8,32.6,724.3,626.6,4913.9,667.4,2954.7,1291.9,2007
"Florida",722.6,6.6,33.7,209.1,473.2,4089.3,996.3,2689.4,403.6,2007
"Georgia",493.2,7.5,22.8,181.7,281.2,3901,950.2,2504.6,446.3,2007
"Hawaii",272.8,1.7,25.4,86.1,159.6,4225.4,708.8,2993.3,523.2,2007
"Idaho",239.4,3.3,38.5,15.5,182,2246.6,465.3,1632.8,148.5,2007
"Illinois",533.2,5.9,31.9,179.7,315.7,2935.8,587.6,2084.5,263.7,2007
"Indiana",333.6,5.6,27.5,124.1,176.4,3396.6,739.4,2349,308.2,2007
"Iowa",294.7,1.2,30.3,43.9,219.2,2615.6,567,1885.1,163.5,2007
"Kansas",452.7,3.9,44.3,72.6,331.8,3678.7,729.9,2640.2,308.5,2007
"Kentucky",295,4.8,32.6,95.9,161.7,2518.3,652.7,1661.1,204.5,2007
"Louisiana",729.5,14.2,32.4,141.7,541.2,4076,1038.9,2683.5,353.6,2007
"Maine",118,1.6,29.7,26.5,60.2,2428.8,506.8,1826.4,95.6,2007
"Maryland",641.9,9.8,21,236,375.1,3431.5,660.2,2265.9,505.4,2007
"Massachusetts",431.5,2.9,25.3,108.6,294.7,2391.5,552.9,1606.1,232.4,2007
"Michigan",536,6.7,45.5,133.2,350.7,3065.7,748.9,1898.3,418.5,2007
"Minnesota",288.7,2.2,36,91.8,158.6,3036.6,570.8,2224.7,241,2007
"Mississippi",291.3,7.1,35.6,98.2,150.3,3200.8,957.9,1990,252.9,2007
"Missouri",504.9,6.5,29.2,121.9,347.3,3738.4,739.1,2594.7,404.6,2007
"Montana",287.5,1.5,30.3,19.9,235.8,2765.4,316,2266.2,183.2,2007
"Nebraska",302.4,3.8,29.7,62.4,206.5,3161.4,509.8,2358.6,293.1,2007
"Nevada",750.6,7.5,42.7,270.2,430.2,3777.8,968.3,1939.1,870.5,2007
"New Hampshire",137.3,1.1,25.3,32.8,78,1892,378.9,1414.4,98.7,2007
"New Jersey",329.3,4.4,12.1,144.5,168.3,2213.1,431.5,1528.8,252.7,2007
"New Mexico",664.2,8.2,52.4,117.8,485.8,3725.7,964.1,2307.9,453.8,2007
"New York",414.1,4.2,15.2,161.1,233.7,1978.6,336.1,1497.2,145.3,2007
"North Carolina",466.4,6.5,26.3,149.5,284.1,4087.3,1200.7,2577.9,308.6,2007
"North Dakota",142.4,1.9,32.4,10.9,97.2,1889.6,338.3,1408.4,142.9,2007
"Ohio",343.2,4.5,38.8,159.2,140.7,3455.2,859.1,2301.6,294.6,2007
"Oklahoma",499.6,6.1,43.1,93.2,357.1,3526.4,943.3,2211.1,372.1,2007
"Oregon",287.6,1.9,33.5,76.4,175.8,3526.2,609,2529,388.2,2007
"Pennsylvania",416.5,5.8,27.7,156.5,226.4,2361.3,450.6,1697.9,212.8,2007
"Puerto Rico",226.9,18.5,2.5,130.3,75.7,1368.5,435.4,734.6,198.5,2007
"Rhode Island",227.3,1.8,24.2,71,130.3,2622.6,495,1822.7,305,2007
"South Carolina",788.3,8,39.5,144,596.9,4271.7,1025.8,2859.6,386.3,2007
"South Dakota",169.2,2.1,38.7,14.1,114.3,1652.3,298.7,1261.3,92.3,2007
"Tennessee",753.3,6.4,35.3,179,532.5,4088.6,1002.4,2734.4,351.8,2007
"Texas",510.6,5.9,35.3,162.2,307.2,4121.2,955.1,2773.3,392.8,2007
"Utah",234.8,2.2,34.3,53.7,144.6,3500.3,587.5,2579.7,333.1,2007
"Vermont",124.3,1.9,19.8,12.9,89.7,2322.7,500,1719.6,103.2,2007
"Virginia",269.7,5.3,22.6,99.2,142.6,2466.4,410.9,1873.3,182.2,2007
"Washington",333.1,2.7,40.6,93.6,196.2,4030.8,814.8,2634.4,581.6,2007
"West Virginia",275.2,3.5,20.4,47,204.3,2525,596.8,1735.5,192.7,2007
"Wisconsin",290.9,3.3,21.8,97.7,168.1,2837.7,497,2100.9,239.8,2007
"Wyoming",239.3,3.1,30.6,16.1,189.5,2865.9,449.1,2264.6,152.2,2007
"Alabama",452.8,7.6,34.7,157.6,253,4082.9,1081.3,2713,288.7,2008
"Alaska",651.9,4.1,64.3,94,489.6,2932.3,472.1,2221.5,238.7,2008
"Arizona",447,6.3,25.7,149.2,265.9,4291,868.9,2849.5,572.6,2008
"Arkansas",503.4,5.7,48.9,95.8,353.1,3835.1,1180,2427.1,228,2008
"California",503.8,5.8,24.2,188.8,285,2940.3,647.1,1769.4,523.8,2008
"Colorado",343.1,3.2,42.5,68.1,229.3,2849,572,2003.3,273.7,2008
"Connecticut",297.8,3.5,19.3,111.6,163.5,2458.7,428.7,1774,256,2008
"Delaware",703.4,6.5,41.9,210.5,444.4,3585.3,774.3,2520,291,2008
"District of Columbia",1437.7,31.4,31.4,748.5,626.4,5104.6,640,3372.2,1092.4,2008
"Florida",688.9,6.4,32.6,197.9,452,4140.8,1028.3,2766,346.5,2008
"Georgia",478.9,6.6,22.7,179.2,270.5,4015.5,1038.9,2567.5,409.1,2008
"Hawaii",272.6,1.9,28.3,84.3,158.1,3571.2,728.1,2444.7,398.5,2008
"Idaho",228.6,1.5,36.2,15.8,175.1,2101.2,439.8,1552,109.5,2008
"Illinois",525.4,6.1,31.9,186.4,300.9,2932.6,612.1,2068.1,252.5,2008
"Indiana",333.8,5.1,27,118.1,183.5,3335.8,762.8,2299.2,273.7,2008
"Iowa",283.8,2.5,29.6,41.6,210.1,2420.9,547.9,1728.8,144.3,2008
"Kansas",410.6,4,42.5,60.1,304,3377.2,699.9,2413.4,263.9,2008
"Kentucky",296.2,4.6,33,93.8,164.8,2583.9,675.5,1728.8,179.6,2008
"Louisiana",656.2,11.9,27.9,135.9,480.4,3823.1,982.1,2529.4,311.6,2008
"Maine",117.5,2.4,28.5,25.3,61.4,2452.4,495.4,1867.7,89.3,2008
"Maryland",628.2,8.8,20,234.4,365.1,3517.6,689.6,2378.3,449.7,2008
"Massachusetts",449,2.6,26.7,108.8,310.9,2400.1,555.5,1648.6,196,2008
"Michigan",501.5,5.4,45,129.6,321.5,2934.8,741.5,1831.1,362.3,2008
"Minnesota",262.8,2.1,34.6,80,146.1,2850.6,505.9,2151.6,193.1,2008
"Mississippi",284.9,8.1,30.3,102.6,143.9,2940.4,885.6,1838.7,216.2,2008
"Missouri",504.4,7.7,27.3,125,344.4,3663.7,774.5,2537.9,351.3,2008
"Montana",258.1,2.4,30.4,17.8,207.6,2603,344.4,2095.9,162.6,2008
"Nebraska",303.7,3.8,32.7,72.8,194.3,2878.6,492,2151.8,234.8,2008
"Nevada",724.5,6.3,42.4,248.9,426.9,3447.5,929,1906.8,611.6,2008
"New Hampshire",157.2,1,29.7,31.8,94.7,2091.9,325.7,1660.8,105.4,2008
"New Jersey",326.5,4.3,12.9,146.3,163,2293.4,465.3,1595.7,232.4,2008
"New Mexico",649.9,7.2,57.4,109.5,475.9,3909.2,1094.2,2411.6,403.4,2008
"New York",398.1,4.3,14.4,163,216.4,1993.5,337.3,1527.3,128.9,2008
"North Carolina",467.3,6.5,24.8,155.4,280.6,4044.1,1210.1,2544,290,2008
"North Dakota",166.5,0.5,36.2,11.2,118.6,1894.4,328.3,1428.6,137.5,2008
"Ohio",348.2,4.7,38.5,163,142.1,3411.7,892.8,2270.5,248.4,2008
"Oklahoma",526.7,5.8,40.2,101.1,379.5,3442.4,963.1,2180.5,298.7,2008
"Oregon",257.2,2.2,30.5,69.7,154.8,3282.2,550.9,2432.3,299,2008
"Pennsylvania",410,5.6,27.9,151.6,224.8,2410.2,470.9,1758.8,180.5,2008
"Puerto Rico",239.9,20.4,2.4,138.3,78.8,1498.6,484,837.4,177.1,2008
"Rhode Island",249.4,2.8,26.4,83.7,136.7,2840.6,547.2,1988.9,304.5,2008
"South Carolina",729.7,6.8,36.6,147.3,539.1,4234.2,1026.1,2814.1,394,2008
"South Dakota",201.4,3.2,53.7,14.9,129.6,1645.6,302.2,1244,99.5,2008
"Tennessee",722.4,6.6,33.2,173.8,508.9,4042.6,1046,2687.3,309.3,2008
"Texas",507.9,5.6,32.9,155.2,314.1,3985.6,946,2688.8,350.8,2008
"Utah",221.8,1.4,32.6,51.9,135.8,3357.4,536.5,2557.9,262.9,2008
"Vermont",135.9,2.7,20.4,14.3,98.3,2538.5,557.2,1887.1,94.2,2008
"Virginia",255.9,4.7,22.6,95.7,132.8,2518.1,411.8,1935.6,170.7,2008
"Washington",331.2,2.9,40.1,96.9,191.2,3758.4,801.3,2524.6,432.6,2008
"West Virginia",273.8,3.3,20,49,201.5,2568.6,609.9,1782.2,176.6,2008
"Wisconsin",274,2.6,19.9,91.1,160.4,2756.4,488.3,2063.4,204.7,2008
"Wyoming",232,1.9,33.8,16.1,180.2,2717.3,410,2173.4,133.9,2008
"Alabama",449.8,6.9,31.9,132.9,278.1,3772.4,1037.2,2499.9,235.3,2009
"Alaska",633,3.1,73.3,93.8,462.7,2946,515,2189.2,241.8,2009
"Arizona",408.3,5.4,32,122.8,248.1,3556.5,809.8,2352.8,394,2009
"Arkansas",517.7,6.2,47.3,89.4,374.8,3773.7,1203.1,2359.3,211.2,2009
"California",472,5.3,23.6,173.4,269.7,2731.5,622.6,1665.1,443.8,2009
"Colorado",337.8,3.5,44.6,67.4,222.3,2666.2,530.4,1887.9,247.9,2009
"Connecticut",298.7,3,18.5,113.4,163.7,2335.8,428.4,1694.9,212.5,2009
"Delaware",636.6,4.6,38.2,188.8,405,3349.6,783.2,2351,215.5,2009
"District of Columbia",1345.9,24,25,731.9,565,4745.4,616.4,3206.5,922.5,2009
"Florida",612.5,5.5,29.7,166.7,410.6,3840.8,981.1,2588.6,271.1,2009
"Georgia",426.1,5.8,23.4,148.6,248.3,3666.6,1000.7,2328.7,337.2,2009
"Hawaii",274.8,1.7,30.3,79.8,163,3661.2,708.6,2580.5,372.1,2009
"Idaho",228.4,1.4,35.7,15.8,175.4,1988.7,424.2,1471.1,93.3,2009
"Illinois",497.2,6,30.2,177.6,283.4,2736.9,603,1927.3,206.6,2009
"Indiana",333.2,4.8,25.5,114.5,188.4,3116.2,761.5,2138.7,216.1,2009
"Iowa",279.2,1.1,28.4,39.7,210,2308.7,539.4,1640,129.3,2009
"Kansas",400.1,4.2,38.9,63.4,293.6,3207.8,690.7,2305.9,211.2,2009
"Kentucky",258.7,4.1,35,84.1,135.4,2512.7,688.5,1683.3,140.9,2009
"Louisiana",620,11.8,30.3,135.9,442,3794.6,1029.5,2504.3,260.8,2009
"Maine",119.8,2,28.5,30.3,59,2403.5,510.4,1815.7,77.4,2009
"Maryland",589.9,7.7,20.3,210.7,351.3,3200.7,649.7,2206.7,344.2,2009
"Massachusetts",457.1,2.6,25.8,112.6,316,2304,525.7,1600.3,178,2009
"Michigan",497,6.3,45.3,123.7,321.7,2837.8,760.5,1782.6,294.7,2009
"Minnesota",243.9,1.4,34,68.7,139.8,2641,484,1995.3,161.8,2009
"Mississippi",281.3,6.4,31.8,100.4,142.6,2953.3,987.9,1782.5,183,2009
"Missouri",491.8,6.4,26.8,124.5,334.1,3385.3,731.3,2362.1,291.9,2009
"Montana",253.6,2.9,30.2,22.2,198.5,2464,347.3,1967.4,149.3,2009
"Nebraska",281.6,2.2,33.1,67.8,178.4,2761.5,484.3,2083.5,193.8,2009
"Nevada",702.2,5.9,38.6,227.8,429.8,3055.6,832.1,1755.1,468.4,2009
"New Hampshire",159.6,0.8,30.2,34.4,94.3,2161,372,1704.1,84.9,2009
"New Jersey",311.5,3.7,12,133.7,162.2,2079.7,427.9,1473.7,178.1,2009
"New Mexico",619,8.7,52.6,93.1,464.7,3735.8,1095.8,2317.8,322.2,2009
"New York",384.7,4,13.2,144,223.5,1936,321.6,1502.5,111.9,2009
"North Carolina",404.3,5.3,24.6,126.1,248.4,3668.1,1149.5,2305.2,213.5,2009
"North Dakota",200.7,1.5,34.8,16.2,148.1,1932.8,363.9,1437.1,131.7,2009
"Ohio",332.1,4.5,34.8,154.1,138.7,3270.9,902.9,2169.8,198.3,2009
"Oklahoma",501.1,6.2,41.5,90.7,362.7,3573.8,1030,2261.7,282.2,2009
"Oregon",254.7,2.2,30.5,64.3,157.6,2967.1,506.5,2202.6,258,2009
"Pennsylvania",380.5,5.2,29,138.9,207.4,2201.6,434.7,1625.5,141.4,2009
"Puerto Rico",264.5,22.5,1.6,153.6,86.7,1410,466.8,770.9,172.2,2009
"Rhode Island",252.6,2.9,27.3,74.6,147.7,2610.8,545.9,1837.7,227.2,2009
"South Carolina",670.8,6.3,35.3,125.7,503.4,3888.6,992.8,2598.4,297.4,2009
"South Dakota",185.6,2.6,54.8,13.7,114.6,1719.4,305.2,1314.2,100.1,2009
"Tennessee",667.7,7.3,31.7,153.2,475.5,3754.1,1010.9,2505.4,237.8,2009
"Texas",490.9,5.4,33.4,153.5,298.7,4015.5,969.4,2737.2,308.9,2009
"Utah",212.7,1.3,32.5,46.6,132.3,3275.4,544.4,2483,247.9,2009
"Vermont",131.4,1.1,19.9,17.9,92.5,2401.4,555.2,1774.2,72.1,2009
"Virginia",226.8,4.4,19.2,79.4,123.9,2428.8,400.6,1883.4,144.9,2009
"Washington",331,2.7,38.1,100.5,189.7,3666.9,792.2,2519.4,355.3,2009
"West Virginia",296.5,4.6,23.8,50.4,217.7,2526.7,656.7,1719.4,150.6,2009
"Wisconsin",257,2.5,19.6,85.8,149.1,2608.2,472.9,1977.4,157.8,2009
"Wyoming",228.2,2.4,33.8,14.1,177.9,2637.3,409.7,2085.9,141.7,2009
"Alabama",377.8,5.7,28.2,99.6,244.2,3516.8,879.4,2415.6,221.8,2010
"Alaska",638.8,4.4,75,83.6,475.8,2852.5,437.2,2187.3,228,2010
"Arizona",408.1,6.4,33.9,108.5,259.3,3534,794.3,2403.2,336.5,2010
"Arkansas",505.3,4.7,45,81.3,374.3,3558.9,1114.9,2253.8,190.1,2010
"California",440.6,4.9,22.4,156,257.4,2635.8,614.3,1612.1,409.4,2010
"Colorado",320.8,2.4,43.7,62.3,212.4,2684.2,520,1940.5,223.6,2010
"Connecticut",281.4,3.6,16.3,99.4,162,2193.2,424.5,1581,187.7,2010
"Delaware",620.9,5.3,34.7,203.7,377.1,3448.2,836.9,2396.5,214.8,2010
"District of Columbia",1330.2,21.9,31.1,718.8,558.4,4778.9,703.1,3238.9,836.9,2010
"Florida",542.4,5.2,28.6,138.7,369.8,3558.4,899.5,2438.4,220.5,2010
"Georgia",403.3,5.8,21.6,127.7,248.2,3640.5,998.4,2329.3,312.8,2010
"Hawaii",262.7,1.8,26.8,77.5,156.7,3314.2,636.8,2302.4,374.9,2010
"Idaho",221,1.3,33.5,13.7,172.6,1995.8,414.8,1496.7,84.3,2010
"Illinois",435.2,5.5,23.6,156.3,249.7,2681,587.6,1868.9,224.4,2010
"Indiana",314.5,4.5,27.2,95.9,186.9,3042.4,726.7,2113.4,202.3,2010
"Iowa",273.5,1.3,27.4,33.2,211.6,2242.5,546.8,1571.8,124,2010
"Kansas",369.1,3.5,38.8,54.1,272.7,3119.9,680.1,2229.2,210.6,2010
"Kentucky",242.6,4.3,31.8,86.4,120.1,2551.3,698.5,1709.7,143.1,2010
"Louisiana",549,11.2,27.2,114.9,395.6,3647.5,1002.2,2427.1,218.2,2010
"Maine",122,1.8,29.3,31.2,59.8,2479.3,554,1850.8,74.5,2010
"Maryland",547.7,7.4,21.3,191.5,327.5,2997.3,632.9,2051.7,312.6,2010
"Massachusetts",466.6,3.2,26.7,105,331.8,2350.5,576.8,1598.8,174.9,2010
"Michigan",490.3,5.7,47.3,116.3,321,2713.6,747.4,1689.5,276.8,2010
"Minnesota",236,1.8,33.9,63.9,136.4,2572.3,460.3,1950,161.9,2010
"Mississippi",269.7,7,31.2,93.7,137.8,2985,1026,1778.4,180.6,2010
"Missouri",455,7,23.9,102.4,321.7,3346.4,735.4,2343,268,2010
"Montana",272.2,2.6,32.4,15.9,221.2,2543.8,369.3,2020.3,154.2,2010
"Nebraska",279.5,3,36.8,56.1,183.6,2673.2,455.9,2019.4,197.9,2010
"Nevada",660.6,5.9,35.7,196.2,422.9,2774.7,823,1574.5,377.1,2010
"New Hampshire",167,1,31.3,34.3,100.4,2186.3,413.3,1699.5,73.5,2010
"New Jersey",307.7,4.2,11.2,134.4,157.9,2081.9,440.5,1464.5,176.9,2010
"New Mexico",588.9,6.9,46.5,78.4,457.1,3435.4,1020.5,2160.1,254.8,2010
"New York",392.1,4.5,14.3,146.9,226.4,1941.2,335.3,1500.4,105.4,2010
"North Carolina",363.4,5,21.1,100.8,236.5,3447.3,1076.9,2178.4,192,2010
"North Dakota",225,1.5,35.2,13.4,174.8,1768.5,292.3,1348.5,127.7,2010
"Ohio",315.2,4.1,32.1,142.8,136.2,3245.2,923.3,2138.8,183.1,2010
"Oklahoma",479.5,5.2,38.7,89,346.7,3415.5,999,2144.8,271.6,2010
"Oregon",252,2.4,31.7,62.4,155.6,3012.9,512.6,2267.7,232.6,2010
"Pennsylvania",366.2,5.2,26.9,128.8,205.3,2173,434.3,1607.4,131.2,2010
"Puerto Rico",NA,NA,NA,NA,NA,NA,NA,NA,NA,2010
"Rhode Island",256.6,2.8,28.1,74.1,151.6,2556.6,581.5,1747.2,227.9,2010
"South Carolina",597.7,6.1,31.7,107.7,452.3,3900.4,997.9,2617.2,285.3,2010
"South Dakota",268.5,2.8,47.9,18.9,198.9,1852.4,390.7,1364.1,97.6,2010
"Tennessee",613.3,5.6,33.7,131.8,442.2,3657.9,1012.2,2411.9,233.8,2010
"Texas",450.3,5,30.3,130.6,284.4,3783,909.1,2603.3,270.5,2010
"Utah",212.7,1.9,34.3,45.9,130.6,3179.6,543.3,2421,215.2,2010
"Vermont",130.2,1.1,21.1,11.8,96.2,2282.3,537.9,1673.9,70.5,2010
"Virginia",213.6,4.6,19.1,70.7,119.1,2327.2,382.8,1812.5,131.8,2010
"Washington",313.8,2.3,38.1,88.2,185.3,3706.6,820.3,2503.7,382.6,2010
"West Virginia",314.6,3.3,19.1,44.7,247.5,2239.6,580.5,1531.7,127.4,2010
"Wisconsin",248.7,2.7,20.9,79.2,145.9,2507.7,467.1,1897.5,143.1,2010
"Wyoming",195.9,1.4,29.1,13.5,151.9,2461.6,381.3,1975.4,104.9,2010
"Alabama",420.1,6.3,28.5,102.2,283,3606.1,1064.3,2319.7,222,2011
"Alaska",606.5,4,58.1,79.7,464.6,2632.8,391,2056,185.8,2011
"Arizona",405.9,6.2,34.9,109.9,254.8,3554.5,847.3,2401.3,305.9,2011
"Arkansas",480.9,5.5,41.3,82.6,351.5,3754.1,1173.3,2383,197.8,2011
"California",411.1,4.8,20.3,144,242,2583.8,610.4,1583.8,389.6,2011
"Colorado",320.2,2.9,44.5,64.6,208.1,2606.3,503.6,1886.8,215.9,2011
"Connecticut",272.8,3.6,19.2,102.7,147.3,2167.4,437.9,1542.1,187.4,2011
"Delaware",559.5,4.5,31.9,169.5,353.5,3410.6,830.2,2411.8,168.7,2011
"District of Columbia",1202.1,17.5,28,662.3,494.3,4795.5,623,3451.5,721,2011
"Florida",515.3,5.2,27.7,134.4,348,3522,892.9,2421.1,207.9,2011
"Georgia",373.2,5.6,20.9,123.8,222.9,3626.5,974.6,2351.7,300.3,2011
"Hawaii",287.2,1.2,31.6,75.8,178.6,3337.8,728,2305.6,304.3,2011
"Idaho",200.9,2.3,27.4,11.6,159.6,2068.6,436.6,1547.9,84.1,2011
"Illinois",429.3,5.6,28.8,157.4,237.5,2688.8,604.1,1861.1,223.5,2011
"Indiana",331.8,4.8,27,107.1,193,3161.8,775.7,2158.8,227.3,2011
"Iowa",255.6,1.5,27.2,26.9,199.9,2330.3,568.2,1633.6,128.5,2011
"Kansas",353.9,3.8,37.8,50.8,261.5,3080.1,654.4,2193.2,232.5,2011
"Kentucky",238.2,3.5,33.5,84.5,116.7,2708.8,745,1811.1,152.7,2011
"Louisiana",555.3,11.2,27.7,114.5,401.9,3688.5,1012.5,2476.6,199.4,2011
"Maine",123.2,2,29.6,27.8,63.8,2545.5,591.3,1873,81.2,2011
"Maryland",494.1,6.8,20.5,177.5,289.3,2860.2,614,1970.5,275.7,2011
"Massachusetts",428.4,2.8,24.7,102.7,298.1,2258.7,554.6,1540.3,163.7,2011
"Michigan",445.3,6.2,44,105.2,289.9,2612.1,724.9,1629,258.2,2011
"Minnesota",221.2,1.4,31.1,63.4,125.4,2549.4,481.3,1915.1,153.1,2011
"Mississippi",269.8,8,29,83.7,149.1,3025.5,1037.7,1822.5,165.4,2011
"Missouri",447.4,6.1,24.3,104.3,312.7,3308.8,745.7,2308.3,254.8,2011
"Montana",267.5,2.8,35.8,16.9,212,2319.7,339.6,1834,146.1,2011
"Nebraska",253.2,3.6,37.7,54.1,157.7,2752.9,472.9,2057.3,222.7,2011
"Nevada",562.1,5.2,33.5,157.9,365.6,2560.5,742.3,1470,348.3,2011
"New Hampshire",188,1.3,32.5,36,118.2,2283.9,436.1,1773.9,73.9,2011
"New Jersey",308.4,4.3,11.4,138.4,154.3,2150.7,490.2,1463.1,197.4,2011
"New Mexico",567.5,7.5,41.2,82.7,436.2,3531.5,1028.9,2242.9,259.7,2011
"New York",398.1,4,14.1,145.9,234.1,1912.4,336,1477.2,99.2,2011
"North Carolina",349.8,5.3,20.7,98.9,224.9,3526.8,1099.2,2251.2,176.4,2011
"North Dakota",247,3.5,37.9,13.3,192.3,1936.7,355.7,1437.7,143.3,2011
"Ohio",307.4,4.4,31.5,139.1,132.4,3354.7,976.3,2195.9,182.5,2011
"Oklahoma",454.8,5.5,37,86.6,325.7,3356.2,958.5,2106.8,290.9,2011
"Oregon",247.6,2.1,31.4,57.4,156.6,3114.6,528.1,2352.8,233.7,2011
"Pennsylvania",355,5,26.1,126.6,197.3,2222.3,454,1636.1,132.2,2011
"Puerto Rico",284.4,30.6,1.2,174.4,78.1,1395.2,447.6,789.7,157.9,2011
"Rhode Island",247.5,1.3,28.9,71,146.3,2676.8,662.4,1796.8,217.5,2011
"South Carolina",571.9,6.8,34.5,92.2,438.4,3904.2,1002.8,2609.4,292,2011
"South Dakota",254.1,2.5,60.2,20.3,171.1,1817.7,351.8,1351.1,114.8,2011
"Tennessee",608.2,5.8,31.6,126.2,444.5,3595.9,979.9,2396.8,219.2,2011
"Texas",408.5,4.4,29,110.6,264.5,3472.3,838.3,2387.3,246.7,2011
"Utah",195,1.9,30.3,38.4,124.4,2973.1,465.8,2287.8,219.5,2011
"Vermont",135.2,1.3,19,13.6,101.4,2309,581.5,1647.7,79.7,2011
"Virginia",196.7,3.7,19,67.1,106.9,2249.6,377.9,1751.6,120.1,2011
"Washington",294.6,2.4,33.5,82.5,176.1,3574.6,827.7,2383.3,363.6,2011
"West Virginia",315.9,4.3,20.9,49,241.6,2273.9,603.2,1549.2,121.5,2011
"Wisconsin",236.9,2.4,20.4,78.2,135.9,2432.7,466.7,1821.9,144.1,2011
"Wyoming",219.3,3.2,25.7,12.5,177.9,2266.4,327.9,1846.8,91.7,2011
"Alabama",449.9,7.1,26.9,104.1,311.8,3502.2,984.7,2312.8,204.8,2012
"Alaska",603.2,4.1,79.7,86.1,433.2,2739.4,403.3,2128,208.1,2012
"Arizona",428.9,5.5,34.7,112.7,276,3539.2,807.8,2439.1,292.3,2012
"Arkansas",469.1,5.9,42.3,78.7,342.3,3660.1,1081.3,2384.7,194.1,2012
"California",423.1,5,20.6,148.6,248.9,2758.7,646.1,1669.5,443.2,2012
"Colorado",308.9,3.1,40.7,65.4,199.6,2684.7,504.2,1947.4,233.1,2012
"Connecticut",283,4.1,25.6,102.7,150.6,2140,409.7,1550.7,179.6,2012
"Delaware",547.4,6.2,26.5,162.7,352,3340.9,803.7,2380.6,156.6,2012
"District of Columbia",1243.7,13.9,37.3,638.3,554.1,4860.8,556.5,3725.3,579,2012
"Florida",487.1,5.2,27.2,123.7,330.9,3276.7,794.9,2288.6,193.2,2012
"Georgia",378.9,5.9,21.4,125.6,226,3410.6,874.9,2248,287.7,2012
"Hawaii",239.2,2.1,20.5,74.7,141.9,3075.2,573.1,2243.2,258.9,2012
"Idaho",207.9,1.8,30,15.2,160.9,1983.5,450.3,1447.7,85.5,2012
"Illinois",414.8,5.8,27.7,151.2,230,2578.7,552.2,1826.9,199.5,2012
"Indiana",345.7,4.7,25.5,100.9,214.6,3029.2,728.3,2092,209,2012
"Iowa",263.9,1.5,28.3,31.3,202.8,2271.8,556.1,1584.8,130.9,2012
"Kansas",354.6,2.9,36.5,52,263.2,3143.2,650.3,2258,234.9,2012
"Kentucky",222.6,4.5,29,80.7,108.4,2552.9,675.4,1725.2,152.2,2012
"Louisiana",496.9,10.8,25.2,119,342,3540.6,915.7,2453.7,171.3,2012
"Maine",122.7,1.9,28,31.8,61,2509.9,561.3,1873.7,74.9,2012
"Maryland",476.8,6.3,21,172.3,277.2,2753.5,573.2,1924.9,255.3,2012
"Massachusetts",405.5,1.8,24.7,98.6,280.4,2153,519.7,1494.4,138.9,2012
"Michigan",454.5,7,46.4,105.6,295.5,2530.5,664.4,1612,254.1,2012
"Minnesota",230.9,1.8,30.5,64.6,134,2568.3,471.8,1939.3,157.2,2012
"Mississippi",260.8,7.4,27.5,76.5,149.4,2811,940.6,1725.6,144.8,2012
"Missouri",450.9,6.5,25.1,96,323.4,3314.4,705.2,2338.4,270.8,2012
"Montana",272.2,2.7,37.7,19,212.8,2583.7,387.4,2028.3,168,2012
"Nebraska",259.4,2.9,38.3,60.9,157.4,2754.9,470.8,2060.7,223.5,2012
"Nevada",607.6,4.5,33.7,178.3,391.1,2809.4,801.8,1644.6,363.1,2012
"New Hampshire",187.9,1.1,34,35.7,117,2324,412.2,1834.3,77.5,2012
"New Jersey",290.2,4.4,11.7,128.4,145.7,2047.3,477.6,1383.7,185.9,2012
"New Mexico",559.1,5.6,45.9,88.6,419.1,3600.7,1025.3,2313.4,261.9,2012
"New York",406.8,3.5,14.6,146.4,242.3,1922,329.9,1503.5,88.6,2012
"North Carolina",353.4,4.9,20.3,96.3,231.8,3369.5,1018.5,2185.7,165.3,2012
"North Dakota",244.7,4,38.9,18.7,183.1,2010.1,339.8,1505.8,164.5,2012
"Ohio",299.7,4.3,31.7,132,131.7,3117.4,895.9,2052.5,169,2012
"Oklahoma",469.3,5.7,41.6,84.7,337.3,3401,936.6,2161.3,303.1,2012
"Oregon",247.6,2.4,29.2,61.9,154.1,3224.2,561.7,2400.9,261.7,2012
"Pennsylvania",348.7,5.4,26.1,122.8,194.4,2166.3,445.5,1603.1,117.7,2012
"Puerto Rico",273.8,26.7,0.9,171.7,74.5,1409.3,416.9,833,159.4,2012
"Rhode Island",252.4,3.2,27.4,67.9,153.9,2572.3,566.4,1755.7,250.2,2012
"South Carolina",558.8,6.9,35.5,95,421.4,3822.2,954.5,2588.3,279.5,2012
"South Dakota",321.8,3,70.2,19,229.7,2060.1,391,1541.4,127.8,2012
"Tennessee",643.6,6,31.5,126.5,479.6,3371.4,870.2,2300.1,201,2012
"Texas",408.6,4.4,29.6,116.6,258,3361.8,785.9,2326.4,249.4,2012
"Utah",205.8,1.8,33,38.5,132.5,2991.8,453.3,2328.4,210.1,2012
"Vermont",142.6,1.3,19.3,17.9,104.2,2398.7,633.4,1695.8,69.5,2012
"Virginia",190.1,3.8,17.7,57.5,111.1,2162.1,360.5,1690.7,110.9,2012
"Washington",295.6,3,31.8,83.3,177.5,3658.6,880.5,2395.3,382.8,2012
"West Virginia",316.3,3.9,22.7,45.2,244.6,2364.9,608.5,1637.3,119.1,2012
"Wisconsin",280.5,3,21.3,80.7,175.5,2453.8,488,1822.3,143.5,2012
"Wyoming",201.4,2.4,26.7,10.6,161.7,2293.8,368.7,1823.9,101.3,2012
"Alabama",430.8,7.2,29.5,96.2,285.2,3351.3,877.8,2254.8,218.7,2013
"Alaska",640.4,4.6,87.6,84.9,425.5,2885.2,396.7,2258,230.6,2013
"Arizona",416.5,5.4,35.4,101.1,263.9,3399.1,732.4,2403.5,263.2,2013
"Arkansas",460.3,5.4,33.6,76.3,330.5,3602.6,1030.1,2380.6,191.9,2013
"California",402.1,4.6,19.5,139.9,232.3,2658.1,605.4,1621.5,431.2,2013
"Colorado",308,3.4,38.9,59.8,189.1,2658.5,476.1,1944.5,237.9,2013
"Connecticut",262.5,2.4,18.6,98.2,135.4,1974.1,358.5,1442.6,173,2013
"Delaware",491.4,4.2,28.7,132.4,313.7,3065.5,662.3,2259.4,143.9,2013
"District of Columbia",1300.3,15.9,42.7,630.8,592.5,4808.3,513,3795,500.3,2013
"Florida",470.4,5,24.1,118.7,312.3,3105.3,710.5,2216.3,178.6,2013
"Georgia",365.7,5.6,19.9,125,209.3,3346.6,823.2,2254.9,268.5,2013
"Hawaii",251.6,1.5,21.1,80.6,142.2,3053.7,536.5,2254.8,262.4,2013
"Idaho",217,1.7,28.3,13.6,161,1864.3,411.9,1357.1,95.3,2013
"Illinois",380.2,5.5,25.4,137.6,204,2274.3,452.1,1659.8,162.5,2013
"Indiana",357.4,5.4,25,108.2,211.3,2854,653,1984.9,216.2,2013
"Iowa",271.4,1.4,24.5,30.4,204.6,2193.9,513.5,1543,137.4,2013
"Kansas",339.9,3.9,28.9,46.6,248.1,2946.8,600.4,2117,229.5,2013
"Kentucky",209.8,3.8,25.6,73.9,95.5,2362.9,596.4,1629.3,137.2,2013
"Louisiana",518.5,10.8,26.9,119.9,352.8,3582,890.4,2493.6,198,2013
"Maine",129.3,1.8,25.9,25.2,68.7,2292.2,488.1,1735.3,68.8,2013
"Maryland",473.8,6.4,19.9,169.5,272,2663.5,538.9,1898.3,226.3,2013
"Massachusetts",413.4,2,31.2,100.2,270.5,2051.2,459.2,1455.7,136.3,2013
"Michigan",449.9,6.4,46.5,102.1,274.8,2327.6,569.4,1510,248.3,2013
"Minnesota",234.4,2.1,25.9,67.8,127.5,2420.4,419,1854.4,147,2013
"Mississippi",274.6,6.5,23.9,80.5,156.5,2724.7,835.6,1742.3,146.7,2013
"Missouri",433.4,6.1,26.5,90.7,298.7,3137,643,2223.9,270.1,2013
"Montana",252.9,2.2,28.3,20.1,190.2,2556.5,400.3,1974,182.2,2013
"Nebraska",262.1,3.1,33,55.7,160.5,2623.4,476.3,1908.2,238.9,2013
"Nevada",603,5.8,39.1,185.8,360.6,2837.7,826,1653.4,358.3,2013
"New Hampshire",215.3,1.7,36.2,49,112.7,2194.3,373,1750.3,71,2013
"New Jersey",288.5,4.5,9.7,135.8,135.6,1882.8,403.1,1325.2,154.5,2013
"New Mexico",613,6,54,86.8,449.9,3704.8,1029.9,2391.8,283.2,2013
"New York",393.7,3.3,13.1,138.6,234.7,1824.8,287.2,1458.8,78.8,2013
"North Carolina",342.2,4.8,18.5,94.9,218.4,3128,921,2058.7,148.3,2013
"North Dakota",270.1,2.2,31.8,22.4,199.9,2094,405.6,1492.7,195.7,2013
"Ohio",286.2,3.9,24.4,124.2,123.2,2927.5,790.2,1968.5,168.8,2013
"Oklahoma",441.2,5.1,43.5,78.7,300.8,3273.7,866.1,2116.4,291.2,2013
"Oregon",254,2,37.1,61,142.7,3173.9,528.5,2394.5,250.9,2013
"Pennsylvania",335.4,4.7,20.7,115.6,185.7,2060.8,407.3,1545.6,107.8,2013
"Puerto Rico",258,24.4,0.7,166.4,66.3,1351.3,386.2,812.2,153,2013
"Rhode Island",257.2,2.9,29.2,65,147.4,2442,533.2,1696.4,212.4,2013
"South Carolina",508.5,6.2,31.8,83.2,373.6,3624.2,857.8,2502.9,263.5,2013
"South Dakota",316.5,2.4,41.3,18.8,236.2,1914.7,399.1,1404.6,111,2013
"Tennessee",590.6,5,25.3,112.5,436.9,3180.9,785.1,2213.7,182.1,2013
"Texas",408.3,4.3,28.4,120.2,246.9,3258.2,721.8,2287.8,248.6,2013
"Utah",224,1.7,34.3,42.8,130.4,2950.4,459.6,2233.4,257.3,2013
"Vermont",121.1,1.6,14.5,11.6,87.1,2214.2,528.7,1632.2,53.3,2013
"Virginia",196.2,3.8,19.1,55.3,109.7,2065.9,322.5,1640.1,103.3,2013
"Washington",289.1,2.3,25.8,83.5,166.4,3710.3,837,2465.9,407.4,2013
"West Virginia",300.3,3.3,24.6,35.1,226.7,2103.9,521.7,1478.9,103.3,2013
"Wisconsin",277.9,2.8,22.6,84.2,161.6,2188.7,424,1636,128.6,2013
"Wyoming",205.1,2.9,24.7,12.9,157.2,2198.4,335.5,1763.6,99.2,2013
"Alabama",427.4,5.7,29.6,96.9,283.4,3177.6,819,2149.5,209.1,2014
"Alaska",635.8,5.6,75.3,85.4,440.2,2760,427.6,2096.4,236,2014
"Arizona",399.9,4.7,36.6,92.8,252.1,3197.5,647.1,2289.1,261.3,2014
"Arkansas",480.1,5.6,39.8,69.1,346,3338,835.7,2313.5,188.8,2014
"California",396.1,4.4,21.6,125.5,236.6,2441.1,522.3,1527.4,391.3,2014
"Colorado",309.1,2.8,39.6,56.7,192.8,2530.1,438.2,1857.1,234.8,2014
"Connecticut",236.9,2.4,15.9,87.8,125,1920.4,332.4,1418.1,169.9,2014
"Delaware",489.1,5.8,26.6,135.6,306.4,2982,616.5,2230.1,135.4,2014
"District of Columbia",1244.4,15.9,53.4,530.7,626.1,5182.5,526,4082.3,574.1,2014
"Florida",540.5,5.8,30.4,125.2,366.4,3415.5,719.9,2481.5,214,2014
"Georgia",377.3,5.7,21.4,123,218.4,3281.2,756.9,2258.4,266,2014
"Hawaii",259.2,1.8,22.1,78,148.1,3050,547.9,2228.9,273.3,2014
"Idaho",212.2,2,28.6,12.5,160.5,1854.8,393.3,1359.9,101.6,2014
"Illinois",370,5.3,23.9,118.8,213.7,2075.9,388.2,1552.2,135.5,2014
"Indiana",365.3,5,24.5,104.5,222.6,2649.4,559.3,1880,210.1,2014
"Iowa",273.5,1.9,26.6,33.6,201.6,2093.8,464.4,1495.8,133.6,2014
"Kansas",348.6,3.1,37,46.9,250,2735.2,545,1952.4,237.8,2014
"Kentucky",211.6,3.6,20,75.6,99.8,2246.9,526.7,1577.1,143.2,2014
"Louisiana",514.7,10.3,21.3,122.5,352.4,3458.8,824.5,2421.6,212.7,2014
"Maine",127.8,1.6,27.1,22.9,66.9,1986.4,378.2,1548.2,60.1,2014
"Maryland",446.1,6.1,19.1,159.7,253.2,2507.5,468.7,1819.6,219.2,2014
"Massachusetts",391.4,2,24.1,89.5,267.6,1857.1,370.1,1364.5,122.5,2014
"Michigan",427.3,5.4,40.9,80.9,277.7,2043.9,445.9,1384.5,213.5,2014
"Minnesota",229.1,1.6,26.6,67.6,123.3,2297.5,380.7,1763.5,153.3,2014
"Mississippi",278.5,8.6,25.5,81.2,153.4,2921.2,813.3,1956.9,150.9,2014
"Missouri",442.9,6.6,28.1,92.2,304.8,2906.5,581.5,2055.3,269.8,2014
"Montana",323.7,3.6,42,19.8,247.4,2472.9,351.2,1922.1,199.6,2014
"Nebraska",280.4,2.9,33,55.4,176.2,2523.5,422.5,1864.1,236.8,2014
"Nevada",635.6,6,35,209.7,372.1,2625.4,772.3,1494.3,358.7,2014
"New Hampshire",196.1,0.9,34.5,40.5,110,1962.7,313.7,1584.4,64.6,2014
"New Jersey",261.2,3.9,10.7,117.5,125.6,1734.1,354.8,1248.3,131,2014
"New Mexico",597.4,4.8,51.4,100,421.8,3542.3,887.3,2353.4,301.6,2014
"New York",381.8,3.1,19.8,121.8,229.4,1718.2,257.2,1381.4,79.7,2014
"North Carolina",329.5,5.1,17.5,84.6,215.4,2873.1,798.2,1937.8,137.1,2014
"North Dakota",265.1,3,37.3,23.4,190.3,2110.3,366.1,1539.5,204.7,2014
"Ohio",284.9,4,35.3,110,127.4,2799.1,680,1963.6,155.4,2014
"Oklahoma",406,4.5,32.9,78.6,277,2990.7,760.9,1956.9,272.9,2014
"Oregon",232.3,2,26.5,52.7,140.8,2879,434,2204.6,240.5,2014
"Pennsylvania",314.1,4.8,21.8,105.8,173.5,1931.7,357.5,1472.2,102,2014
"Puerto Rico",236.2,19.2,1.2,145.7,69.7,1285.7,339.2,815.8,130.7,2014
"Rhode Island",219.2,2.4,24,50.1,132.5,2173.6,457.1,1542.8,173.7,2014
"South Carolina",497.7,6.4,30.6,82.7,365.8,3460.3,759.9,2433.4,267,2014
"South Dakota",326.5,2.3,48.4,23.4,245.7,1863.9,330.3,1415.5,118,2014
"Tennessee",608.4,5.7,28.4,110.9,453.2,3060.6,712.2,2156,192.4,2014
"Texas",405.9,4.4,30.6,115.7,243.6,3019.4,627.8,2137.3,254.3,2014
"Utah",215.6,2.3,32.1,44.6,119.4,2878.5,391.4,2239.1,248,2014
"Vermont",99.3,1.6,15.8,11.2,68.9,1524.4,324.6,1160.8,38.9,2014
"Virginia",196.2,4.1,17.2,51.5,112.9,1930.3,277.7,1560.5,92.1,2014
"Washington",285.2,2.5,30.7,79.9,164.7,3706.1,783,2489.1,434,2014
"West Virginia",302,4,15.4,35.2,235.5,2034.7,484.9,1447.3,102.5,2014
"Wisconsin",290.3,2.9,20.3,88,170.4,2088.3,368.5,1547.6,172.3,2014
"Wyoming",195.5,2.7,21.6,9.1,153.9,1964.7,289.1,1572.4,103.2,2014
"Alabama",472.4,7.2,30,94.9,328.3,2978.9,725.6,2040.7,212.7,2015
"Alaska",730.2,8,88,103.1,497.1,2817.6,475.5,2065.1,277.1,2015
"Arizona",410.2,4.5,33.6,93.1,267.1,3033.2,555.9,2231.5,245.8,2015
"Arkansas",521.3,6.1,43.7,70.4,380,3251.5,760.2,2297.5,193.8,2015
"California",426.3,4.8,24,135,253.8,2618.3,504.3,1677.1,436.8,2015
"Colorado",321,3.2,43.6,60.9,197.2,2641.5,429.8,1918.5,293.2,2015
"Connecticut",218.5,3.3,16.2,80.5,113.1,1812,280,1355.5,176.5,2015
"Delaware",499,6.7,25.7,130.6,325.7,2691,504.6,2061.6,124.9,2015
"District of Columbia",1269.1,24.1,54.4,556.7,614.8,4676.2,442,3748.7,485.5,2015
"Florida",461.9,5.1,26.8,104.3,315.2,2813.2,539,2073.6,200.6,2015
"Georgia",378.3,6,22.5,119.9,220.8,3022.3,649.8,2113.3,259.2,2015
"Hawaii",293.4,1.3,27.9,84,168.9,3796.2,458,2934.5,403.7,2015
"Idaho",215.6,1.9,32.2,11.6,160.1,1743.8,370,1260.7,113.1,2015
"Illinois",383.8,5.8,27.6,115.9,224.6,1988.6,361.1,1490.2,137.3,2015
"Indiana",387.5,5.6,27,107.4,238.2,2596,519.8,1872,204.2,2015
"Iowa",286.1,2.3,27.2,33.5,213.2,2047.3,476.7,1431.6,139,2015
"Kansas",389.9,4.4,43,62.4,267.6,2720.1,527.6,1953.5,238.9,2015
"Kentucky",218.7,4.7,22.5,74.7,105.5,2177.6,503,1498.7,175.9,2015
"Louisiana",539.7,10.3,27,118.8,373.7,3353.4,759,2385.8,208.6,2015
"Maine",130.1,1.7,26.6,23.4,69.3,1830,352.4,1416.4,61.2,2015
"Maryland",457.2,8.6,19.7,164.2,256.7,2315,427.5,1668.5,218.9,2015
"Massachusetts",390.9,1.9,23.7,77.8,280.7,1690.7,322.2,1249.7,118.8,2015
"Michigan",415.5,5.8,42,78.6,266.2,1885.6,403.5,1323.2,158.9,2015
"Minnesota",242.6,2.4,30.7,68.7,129.2,2222.1,351.6,1725.2,145.4,2015
"Mississippi",275.8,8.7,28.8,76.7,150.3,2833.6,828.8,1863,141.8,2015
"Missouri",497.4,8.3,30.5,104.8,342.4,2854.2,559,2015.8,279.4,2015
"Montana",349.6,3.5,41.7,20.3,272.8,2623.6,371.6,2017.9,234.1,2015
"Nebraska",274.9,3.3,34.4,52.4,173.1,2241.1,338.7,1691.4,211,2015
"Nevada",695.9,6.2,42.8,217.5,413.9,2668.3,773.5,1502.2,392.7,2015
"New Hampshire",199.3,1.1,34.6,35.2,116,1745.7,260.6,1418.2,67,2015
"New Jersey",255.4,4.1,11.4,108.6,127.4,1626.5,312.1,1182.9,131.5,2015
"New Mexico",656.1,5.6,58.3,119.2,451.2,3697.4,819.4,2469.1,408.9,2015
"New York",379.7,3.1,22.2,120.9,225,1604,223.7,1303,77.4,2015
"North Carolina",347,5.1,19.3,87.9,227.3,2750.1,745.2,1871.1,133.8,2015
"North Dakota",239.4,2.8,36.5,19.6,171.5,2116.5,395.9,1511.4,209.1,2015
"Ohio",291.9,4.3,35.8,108.1,135.1,2587.7,596.7,1842.6,148.4,2015
"Oklahoma",422,6,34.6,76.8,291.9,2885.9,726.2,1892.5,267.2,2015
"Oregon",259.8,2.5,28.9,53.3,164.6,2946.6,455.1,2229.7,261.8,2015
"Pennsylvania",315.1,5.1,24.4,101.6,174.8,1812.8,309.8,1408.2,94.8,2015
"Puerto Rico",219.6,16.8,3.5,117.1,80.9,1085.6,263.4,705,117.3,2015
"Rhode Island",242.5,2.7,32,52.6,143.7,1897.5,373.7,1392.3,131.5,2015
"South Carolina",504.5,8.1,34.9,80.3,369.1,3293.3,705.7,2322.7,264.9,2015
"South Dakota",383.1,3.7,51.4,25.2,296.6,1943,344.8,1459.8,138.4,2015
"Tennessee",612.1,6.2,29.8,113.2,452.2,2936.2,655.2,2086,195,2015
"Texas",412.2,4.8,32.5,116.3,246.6,2831.3,557.2,2028.5,245.7,2015
"Utah",236,1.8,36.6,44.3,135.1,2980,416.2,2273.2,290.6,2015
"Vermont",118,1.6,19.3,16.1,78.6,1406.6,314.4,1063.8,28.4,2015
"Virginia",195.6,4.6,17.8,53,110.2,1866.5,254.6,1515.2,96.8,2015
"Washington",284.4,2.9,30.6,76,167.8,3463.8,711.2,2378,374.7,2015
"West Virginia",337.9,3.8,22.8,41.2,256.4,2020,497.3,1401.3,121.4,2015
"Wisconsin",305.8,4.2,21.2,90.7,180.1,1974,338.8,1444.8,190.3,2015
"Wyoming",222.1,2.7,21.3,10.1,179.8,1902.6,300.6,1500.9,101,2015
"Alabama",532.3,8.4,28.5,96.4,388.2,2947.8,700.5,2006.3,241.1,2016
"Alaska",804.2,7,102,114.6,540.6,3353,546.3,2394.7,412.1,2016
"Arizona",470.1,5.5,35.4,101.8,315.4,2978.4,544.4,2168.1,265.8,2016
"Arkansas",550.9,7.2,51.7,70.9,401,3268.6,795.5,2233.6,239.4,2016
"California",445.3,4.9,25.9,139.6,265.9,2553,479.8,1623,450.3,2016
"Colorado",342.6,3.7,47.3,63.7,211.1,2740.7,431.4,1955.3,354,2016
"Connecticut",227.1,2.2,15.7,75.6,128,1808,280.9,1328.5,198.7,2016
"Delaware",508.8,5.9,23.2,142.7,327.8,2766,527.6,2078.7,159.7,2016
"District of Columbia",1205.9,20.4,58.9,510.9,596.5,4802.9,346.6,4019.8,436.5,2016
"Florida",430.3,5.4,26.8,97.9,290.2,2686.8,486.7,1990.8,209.3,2016
"Georgia",397.6,6.6,24.5,118.4,238.5,3004.5,614.4,2130.1,259.9,2016
"Hawaii",309.2,2.5,31.3,69.6,193.8,2992.7,421.2,2175.8,395.8,2016
"Idaho",230.3,2.9,31.4,12.7,172,1744.2,375.4,1245.4,123.4,2016
"Illinois",436.3,8.2,28.4,139.3,250.5,2049,374.9,1518.6,155.5,2016
"Indiana",404.7,6.6,27.9,110.5,249.9,2589.4,514,1853.3,222.1,2016
"Iowa",290.6,2.3,29.4,36.6,212,2086,479.5,1447.6,159,2016
"Kansas",380.4,3.8,33.4,57.5,274,2695.5,494.1,1962.9,238.6,2016
"Kentucky",232.3,5.9,26.5,75.9,113.5,2189.7,469.6,1497.4,222.8,2016
"Louisiana",566.1,11.8,28.4,119.1,396.4,3297.7,740.5,2336.3,220.8,2016
"Maine",123.8,1.5,22.5,20,71.3,1645.7,300.6,1286.8,58.2,2016
"Maryland",472,8,21,171,263.8,2284.5,410.4,1677.4,196.7,2016
"Massachusetts",376.9,2,23.4,78.8,265,1561.1,281.8,1161,118.3,2016
"Michigan",459,6,51.5,71.7,309.5,1909.9,398.5,1308.1,203.2,2016
"Minnesota",242.6,1.8,31.4,67.5,130.7,2133.3,337.1,1638.1,158.1,2016
"Mississippi",280.5,8,30.3,80.2,149.6,2768.1,781.4,1842.1,144.7,2016
"Missouri",519.4,8.8,30.9,107.8,360.8,2799.1,520.4,1978.4,300.3,2016
"Montana",368.3,3.5,39.7,25.5,283.9,2683.5,377.4,2043,263.1,2016
"Nebraska",291,2.6,38.7,49.6,186.7,2263.3,337.9,1677.6,247.8,2016
"Nevada",678.1,7.6,43.9,215.6,395.9,2586.6,641.1,1497.1,448.3,2016
"New Hampshire",197.6,1.3,31.7,32,120.7,1512.9,222,1225.7,65.3,2016
"New Jersey",245,4.2,12.2,100.4,124.2,1544.6,282.7,1135.2,126.6,2016
"New Mexico",702.5,6.7,53.7,131.5,491,3937.1,830.4,2542.4,564.3,2016
"New York",376.2,3.2,23.1,113,228.3,1545.6,201.7,1271,72.9,2016
"North Carolina",372.2,6.7,20.6,92,245.5,2737.5,710.4,1876.2,150.8,2016
"North Dakota",251.1,2,33.8,23.9,180.1,2295.9,427.9,1608.9,259.1,2016
"Ohio",300.3,5.6,35.7,107.8,138.7,2577.5,575.9,1832.3,169.3,2016
"Oklahoma",449.8,6.2,38.5,80.6,311,2982.9,741.7,1931.4,309.8,2016
"Oregon",264.6,2.8,30.8,55.6,164.1,2964.4,412,2230,322.3,2016
"Pennsylvania",316.4,5.2,25.3,96.4,180.1,1742.7,277.8,1362.8,102.1,2016
"Puerto Rico",224,19.9,3.8,93.8,105.4,1031.9,241.9,679,111,2016
"Rhode Island",238.9,2.7,31,51.1,143.2,1898.7,358.6,1389,151.1,2016
"South Carolina",501.8,7.4,34.5,81.3,365,3243.8,664.7,2298.5,280.6,2016
"South Dakota",418.4,3.1,43.8,31.4,325,1980.6,346.6,1460.4,173.6,2016
"Tennessee",632.9,7.3,29.9,117.5,467.3,2854.1,606.1,2020.7,227.3,2016
"Texas",434.4,5.3,35.4,119.6,261.6,2759.8,533.8,1978.1,247.8,2016
"Utah",242.8,2.4,36.6,50.5,140.1,2951.5,420.7,2223.2,307.7,2016
"Vermont",158.3,2.2,19.9,17,110.6,1697.4,336.7,1315.6,45.1,2016
"Virginia",217.6,5.8,23.4,57.1,122.2,1859.4,238,1505.1,116.4,2016
"Washington",302.2,2.7,31,77.5,179.7,3494.1,674.8,2376.3,443,2016
"West Virginia",358.1,4.4,25.6,39.3,278.5,2047.2,507.9,1402.3,137,2016
"Wisconsin",305.9,4,25.2,81.4,186.3,1933.3,336.1,1424.8,172.3,2016
"Wyoming",244.2,3.4,25.6,10.1,195.7,1957.3,302.5,1518.2,136.6,2016
"Alabama",524.2,8.3,41.6,86.5,387.8,2957.3,645.7,2048.1,263.4,2017
"Alaska",829,8.4,116.7,128.5,575.4,3542.1,563.8,2402.7,575.6,2017
"Arizona",508,5.9,51,106,345,2914.9,536.3,2107,271.6,2017
"Arkansas",554.9,8.6,68.3,64.4,413.6,3078.6,727.7,2109.5,241.4,2017
"California",449.3,4.6,37.2,143.2,264.2,2496.7,446.9,1623.9,425.9,2017
"Colorado",368.1,3.9,68.8,68.4,226.9,2701.6,406.9,1904.9,389.9,2017
"Connecticut",228,2.8,23.3,78.4,123.4,1769.9,247.8,1318.5,203.7,2017
"Delaware",453.4,5.6,34.7,112.5,300.5,2440.6,412.7,1885.6,142.3,2017
"District of Columbia",1004.9,16.7,64,378,546.3,4283.9,260.7,3650.4,372.8,2017
"Florida",408,5,37.8,88.6,276.5,2512.4,423.4,1884.5,204.5,2017
"Georgia",357.2,6.7,26.1,96.3,228.1,2860.2,530.9,2077.4,251.8,2017
"Hawaii",250.6,2.7,39.7,75.4,132.7,2829.5,388.7,2071.7,369.1,2017
"Idaho",226.4,1.9,41.2,11.4,172,1635.4,329.4,1181.1,125,2017
"Illinois",438.8,7.8,43.4,137.2,250.4,2011.4,339.5,1508.8,163.1,2017
"Indiana",399,6,39.4,99,254.6,2416.9,452.1,1733.8,231,2017
"Iowa",293.4,3.3,39.2,39.8,211,2125.3,479.3,1468.6,177.4,2017
"Kansas",413,5.5,55.9,61.3,290.3,2800.9,478.2,2053.3,269.3,2017
"Kentucky",225.8,5.9,37.3,66.4,116.2,2129.1,453.4,1445.7,230,2017
"Louisiana",557,12.4,39.9,114.4,390.3,3366.8,731.5,2401.3,234,2017
"Maine",121,1.7,35.4,18.6,65.3,1507.1,249.6,1198.1,59.4,2017
"Maryland",500.2,9,27.9,185.1,278.2,2222.3,388.4,1609.7,224.2,2017
"Massachusetts",358,2.5,32,71,252.5,1437,249.1,1078,109.9,2017
"Michigan",450,5.7,70.6,65.1,308.5,1800,357.8,1245.7,196.5,2017
"Minnesota",238.3,2,42.8,64.9,128.6,2191.5,336.9,1675.7,178.9,2017
"Mississippi",285.7,8.2,36.6,69.4,171.5,2733.9,828.1,1750.6,155.2,2017
"Missouri",530.3,9.8,44.6,103.9,372,2833.9,492,2016,325.9,2017
"Montana",377.1,3.9,58.4,28.1,286.7,2591.6,344.1,2000.8,246.7,2017
"Nebraska",305.9,2.2,62,50.4,191.2,2274,337.1,1666,271,2017
"Nevada",555.9,9.1,63,161.5,322.3,2612.4,668.7,1516.4,427.3,2017
"New Hampshire",198.7,1,49.4,31.2,117.1,1381.8,191.7,1122,68.1,2017
"New Jersey",228.8,3.6,16.7,87.7,120.8,1555.5,265.3,1155.1,135.1,2017
"New Mexico",783.5,7.1,60.3,178.3,537.8,3941.7,858.1,2519.9,563.8,2017
"New York",356.7,2.8,31.9,101.3,220.8,1514.2,176.3,1270.3,67.6,2017
"North Carolina",363.7,5.8,26.4,91,240.5,2545.3,630.6,1760.9,153.8,2017
"North Dakota",281.3,1.3,52.8,24.2,202.9,2197.8,389.5,1573.6,234.7,2017
"Ohio",297.5,6.1,50.3,99.5,141.6,2419.1,502.4,1743,173.7,2017
"Oklahoma",456.2,6.2,54.5,76.3,319.3,2876.4,727.8,1836.9,311.7,2017
"Oregon",281.8,2.5,48.3,58.7,172.3,2986.5,427.4,2145.3,413.7,2017
"Pennsylvania",313.3,5.8,32.8,92.1,182.6,1649.4,250.3,1297.7,101.4,2017
"Puerto Rico",232.6,20.3,6.3,91.5,114.4,934.2,238.2,588.3,107.7,2017
"Rhode Island",232.2,1.9,42,44.7,143.5,1751.6,303.6,1308.1,140,2017
"South Carolina",506.2,7.8,49.8,77,371.5,3195.9,623.1,2289.1,283.8,2017
"South Dakota",433.6,2.9,68.4,27.4,335,1876.2,311.3,1405.9,159,2017
"Tennessee",651.5,7.8,43.7,117.1,482.9,2940.6,576.5,2088.3,275.8,2017
"Texas",438.9,5,51.1,114,268.8,2562.6,473.7,1848.5,240.4,2017
"Utah",238.9,2.4,54.7,47.3,134.5,2780.2,381,2092.1,307.2,2017
"Vermont",165.8,2.2,35,14.8,113.8,1436.7,297.3,1108.3,31.1,2017
"Virginia",208.2,5.3,33.8,51.1,117.9,1792.9,218,1454.7,120.1,2017
"Washington",304.5,3.1,44,72.8,184.6,3173.6,590.4,2194.4,388.8,2017
"West Virginia",350.7,4.7,43.8,28.9,273.4,1852,420.1,1266.6,165.3,2017
"Wisconsin",319.9,3.2,36.9,75,204.8,1808.3,303.7,1341.3,163.4,2017
"Wyoming",237.5,2.6,45.4,13.1,176.4,1830.4,275,1421,134.5,2017
"Alabama",519.6,7.8,40.8,83.4,387.6,2817.2,590.1,1958.9,268.3,2018
"Alaska",885,6.4,161.6,121.5,595.4,3300.5,539.6,2219,541.9,2018
"Arizona",474.9,5.1,50.7,91,328.1,2676.8,439.7,1970.3,266.9,2018
"Arkansas",543.6,7.2,72.9,52.9,410.7,2913,636.8,2040.2,236,2018
"California",447.4,4.4,39.2,137.3,266.5,2380.4,416.2,1571.8,392.4,2018
"Colorado",397.2,3.7,71.5,66.7,255.4,2671.6,375.2,1915.9,380.5,2018
"Connecticut",207.4,2.3,23.5,61.4,120.2,1681,222.5,1251.8,206.7,2018
"Delaware",423.6,5,34.9,89.5,294.2,2324.4,326.5,1845.3,152.6,2018
"District of Columbia",995.9,22.8,64.1,343.8,565.3,4373.8,254.5,3750.1,369.1,2018
"Florida",384.9,5.2,39.6,79.3,260.8,2281.8,337.7,1750.8,193.3,2018
"Georgia",326.6,6.1,25.2,78.7,216.6,2573.7,431.3,1907,235.4,2018
"Hawaii",248.6,2.5,44,66.6,135.5,2870.3,396.4,2076.2,397.7,2018
"Idaho",227.1,2,45.1,11.4,168.6,1461.4,281.6,1067.8,112,2018
"Illinois",404.1,6.9,46,111.5,239.7,1932.8,306.7,1472.3,153.8,2018
"Indiana",382.3,6.5,35.4,88.7,251.6,2179.3,377.6,1572.7,229.1,2018
"Iowa",250.1,1.7,30.9,29.5,187.9,1691.5,352.6,1190.4,148.5,2018
"Kansas",439,3.9,53.8,53,328.3,2633.9,430.6,1933.9,269.4,2018
"Kentucky",211.9,5.5,38.2,55,113.2,1962.6,384.7,1348.2,229.6,2018
"Louisiana",537.5,11.4,44.7,98,383.4,3276,668.1,2360.4,247.6,2018
"Maine",112.1,1.8,33.3,17,60,1357.8,202.7,1097.1,58.1,2018
"Maryland",468.7,8.1,32.8,160.8,267,2033.3,312.6,1519.8,200.9,2018
"Massachusetts",338.1,2,34.9,60,241.2,1263.3,200.8,966.8,95.7,2018
"Michigan",449.4,5.5,76.9,56.6,310.3,1653.5,316.6,1162.3,174.6,2018
"Minnesota",220.4,1.9,43.9,52.5,122.2,1993.8,288.4,1524.8,180.5,2018
"Mississippi",234.4,5.7,18,53.4,157.2,2403,697.8,1561.2,144,2018
"Missouri",502.1,9.9,47.5,84.8,359.8,2647.1,444.9,1878.8,323.4,2018
"Montana",374.1,3.2,51.9,25.3,293.7,2496.3,306.6,1926.5,263.2,2018
"Nebraska",284.8,2.3,63.9,39.2,179.4,2079.9,271.9,1555.3,252.6,2018
"Nevada",541.1,6.7,76.8,127.3,330.4,2438.2,584.7,1461.2,392.3,2018
"New Hampshire",173.2,1.5,39.4,26.5,105.8,1248.5,136.2,1048.2,64.1,2018
"New Jersey",208.1,3.2,16,71.4,117.4,1404.9,215.9,1065.1,123.9,2018
"New Mexico",856.6,8,64.6,135.1,648.9,3419.7,767.8,2166.1,485.8,2018
"New York",350.5,2.9,33.6,93.1,220.9,1440.5,159.3,1214,67.2,2018
"North Carolina",377.6,6,25.4,81.1,265.1,2494.1,599.9,1724.4,169.8,2018
"North Dakota",280.6,2.4,52.2,20.8,205.2,2040.2,358.4,1448.3,233.5,2018
"Ohio",279.9,4.8,45.3,78.6,151.2,2177.1,412.2,1594.6,170.3,2018
"Oklahoma",466.1,5.2,58.3,70.8,331.8,2875,681.1,1856.8,337,2018
"Oregon",285.5,2,47.1,60.8,175.6,2894,389.1,2109.9,395.1,2018
"Pennsylvania",306,6.1,35,76.9,188,1489.9,211.6,1175.9,102.4,2018
"Puerto Rico",200.8,20,6.2,71.1,103.6,777.8,171.7,490.1,116,2018
"Rhode Island",219.1,1.5,45.5,42.9,129.2,1660.9,265.8,1250.3,144.8,2018
"South Carolina",488.3,7.7,47.9,69.9,362.8,3017.6,579.7,2156,281.9,2018
"South Dakota",404.7,1.4,69.6,29.7,304,1728.7,291.4,1264.5,172.7,2018
"Tennessee",623.7,7.4,41.7,106.2,468.5,2825.4,489.4,2034.1,301.9,2018
"Texas",410.9,4.6,51.2,98.4,256.6,2367.2,410.8,1713.1,243.2,2018
"Utah",233.1,1.9,55.5,39.1,136.6,2377.5,315.3,1817.7,244.5,2018
"Vermont",172,1.6,45.8,11.2,113.4,1283.1,234.2,1008.5,40.4,2018
"Virginia",200,4.6,34.3,42.3,118.7,1665.8,182.8,1356.4,126.5,2018
"Washington",311.5,3.1,45.3,73.9,189.1,2946.2,533.5,2045.4,367.3,2018
"West Virginia",289.9,3.7,36.1,31.7,218.5,1485.6,296.5,1049.6,139.5,2018
"Wisconsin",295.4,3,38.7,60,193.7,1559.9,242.5,1168.9,148.5,2018
"Wyoming",212.2,2.3,42.1,17.3,150.6,1785.1,264,1375.9,145.2,2018
"Alabama",510.8,7.3,42.2,80.4,381,2674.4,531.9,1886.1,256.5,2019
"Alaska",867.1,9.4,148.7,112.9,596,2910.8,487.1,2066,357.7,2019
"Arizona",455.3,5,50.3,88.1,311.9,2440.5,394.3,1796.9,249.4,2019
"Arkansas",584.6,8,77.2,51.6,447.8,2858,599.6,2012.6,245.9,2019
"California",441.2,4.3,37.5,132.4,267.1,2331.2,386.1,1586.3,358.8,2019
"Colorado",381,3.8,67.2,63.6,246.3,2590.7,348.4,1858.3,384,2019
"Connecticut",183.6,2.9,21.6,54.1,105,1426.6,180.7,1078.7,167.3,2019
"Delaware",422.6,4.9,31.8,81.1,304.7,2252.2,304.8,1782.7,164.7,2019
"District of Columbia",1049,23.5,48.9,384.4,592.1,4367.1,261.1,3775.4,330.6,2019
"Florida",378.4,5.2,39.4,75.5,258.3,2145.7,295.2,1668.7,181.8,2019
"Georgia",340.7,6.2,27.5,75,232,2375.8,372.1,1779.8,223.9,2019
"Hawaii",285.5,3.4,54,79.9,148.2,2841.2,377.2,2093,371.1,2019
"Idaho",223.8,2,45.3,8.7,167.9,1219.5,219.7,911.8,87.9,2019
"Illinois",406.9,6.6,48,98.4,254,1846.5,271.7,1426.6,148.2,2019
"Indiana",370.8,5.6,36.8,79.2,249.3,1971,323.7,1443.4,203.8,2019
"Iowa",266.6,1.9,36.9,27.4,200.4,1733.7,371.1,1199.6,163,2019
"Kansas",410.8,3.6,48.6,44.4,314.2,2314.5,342.7,1721.9,249.9,2019
"Kentucky",217.1,4.9,35.2,48.4,128.6,1897.4,345.7,1323.5,228.2,2019
"Louisiana",549.3,11.7,48.9,86.6,402.1,3162,579,2352.4,230.5,2019
"Maine",115.2,1.5,38.4,14,61.3,1245.6,174.8,1016.7,54,2019
"Maryland",454.1,9,31.6,152.2,261.3,1950.2,278.9,1485,186.2,2019
"Massachusetts",327.6,2.2,32,52.4,241,1179.8,179,911.8,89,2019
"Michigan",437.4,5.6,72.4,53.6,305.9,1585,286.1,1121.3,177.7,2019
"Minnesota",236.4,2.1,43.4,55.8,135.1,2078.8,282.4,1597.5,198.9,2019
"Mississippi",277.9,11.2,25.1,57.1,184.6,2375.8,627,1555.7,193.1,2019
"Missouri",495,9.3,47.5,80.8,357.4,2638.7,430.4,1865,343.3,2019
"Montana",404.9,2.5,58.4,19.2,324.9,2193.2,270.1,1700.6,222.4,2019
"Nebraska",300.9,2.3,64.8,40.9,192.9,2039.3,245.3,1536.3,257.7,2019
"Nevada",493.8,4.6,70.2,106.7,312.3,2322.1,503.5,1453,365.6,2019
"New Hampshire",152.5,2.4,43.4,23,83.7,1209.2,126.3,1017.3,65.7,2019
"New Jersey",206.9,2.9,17.2,64.5,122.2,1335.7,184.6,1034.7,116.4,2019
"New Mexico",832.2,8.6,61.4,111.6,650.5,3112.7,696.8,1988.8,427.2,2019
"New York",358.6,2.9,33.8,92.9,229,1373.3,141.9,1166.1,65.3,2019
"North Carolina",371.8,6,31,72.5,262.4,2357.3,519.1,1666,172.2,2019
"North Dakota",284.6,3.1,57.3,23.5,200.6,1977,342.2,1399.6,235.2,2019
"Ohio",293.2,4.6,49,75.7,163.9,2055.7,375.5,1520.4,159.7,2019
"Oklahoma",431.8,6.7,57.3,59.9,307.9,2845.3,671.7,1835.5,338.1,2019
"Oregon",284.4,2.8,42.2,54,185.5,2730.6,349.1,2021.5,360,2019
"Pennsylvania",306.4,5.2,34,76.1,191.1,1403.4,182.4,1124.2,96.8,2019
"Puerto Rico",202.9,19,6.7,66.4,110.7,702.7,134.4,453.5,114.8,2019
"Rhode Island",221.1,2.4,46.3,39.5,132.9,1534.8,219.1,1187.5,128.2,2019
"South Carolina",511.3,9,47.8,64,390.5,2940.3,533.4,2116.1,290.8,2019
"South Dakota",399,1.9,72.6,22,302.5,1771,299.1,1273.4,198.5,2019
"Tennessee",595.2,7.3,41.2,90.1,456.7,2652.6,437.4,1934.4,280.9,2019
"Texas",418.9,4.9,51.1,100,263,2390.7,392.8,1730.6,267.2,2019
"Utah",235.6,2.2,56.8,35.1,141.4,2169.3,276.7,1682.4,210.2,2019
"Vermont",202.2,1.8,44.6,11.4,144.6,1424.4,204.3,1172.3,47.8,2019
"Virginia",208,5,33,41.3,128.7,1642.7,162.8,1359.5,120.3,2019
"Washington",293.9,2.6,43.8,67.6,179.9,2681.9,453.6,1907.9,320.5,2019
"West Virginia",316.6,4.4,42.1,21.1,249.1,1583.4,328.7,1119.7,135,2019
"Wisconsin",293.2,3,38.8,51.4,200,1471.4,217.6,1127,126.8,2019
"Wyoming",217.4,2.2,56,11.6,147.6,1571.1,241.2,1206.7,123.2,2019
